0,1,2,3,4,5,6,7,8,9,10,11,12,13,14,15,16,17,18,19,20,21,22,23
952522223,  04 Eylül 2021,  Satılık Daire ,120.0,110.0,  3+1,  3,  1,  7,  Doğalgaz (Kombi),  1,  Var,  Hayır,  Mülk Sahibi,  Hayır,  Belirtilmemiş,  75,  Evet,  Kat Mülkiyetli,  Emlak Ofisinden,  Hayır,  Hayır ,Kestel,530.000
952493568,  04 Eylül 2021,  Satılık Daire ,165.0,150.0,  3+1,  1,  3,  3,  Doğalgaz (Kombi),  1,  Var,  Hayır,  Boş,  Hayır,  Belirtilmemiş,  Belirtilmemiş,  Evet,  Kat Mülkiyetli,  Emlak Ofisinden,  Hayır,  Hayır ,Kestel,485.000
929668283,  04 Eylül 2021,  Satılık Daire ,120.0,110.0,  2+1,  0,  2,  4,  Doğalgaz (Kombi),  1,  Var,  Hayır,  Mülk Sahibi,  Hayır,  Belirtilmemiş,  Belirtilmemiş,  Evet,  Kat İrtifaklı,  Emlak Ofisinden,  Evet,  Hayır ,Kestel,450.000
943512634,  04 Eylül 2021,  Satılık Daire ,145.0,135.0,  3+1,  0,  2,  3,  Doğalgaz (Kombi),  1,  Var,  Hayır,  Boş,  Hayır,  Belirtilmemiş,  Belirtilmemiş,  Evet,  Kat Mülkiyetli,  Emlak Ofisinden,  Hayır,  Hayır ,Kestel,475.000
940068857,  04 Eylül 2021,  Satılık Daire ,100.0,90.0,  2+1,  4,  2,  3,  Doğalgaz (Kombi),  1,  Var,  Hayır,  Boş,  Hayır,  Belirtilmemiş,  0,  Evet,  Belirtilmemiş,  Sahibinden,  Evet,  Hayır ,Kestel,380.000
943447315,  04 Eylül 2021,  Satılık Daire ,280.0,240.0,  5+1,  3,  2,  2,  Doğalgaz (Kombi),  3,  Var,  Hayır,  Mülk Sahibi,  Evet,  Belirtilmemiş,  Belirtilmemiş,  Evet,  Kat Mülkiyetli,  Emlak Ofisinden,  Evet,  Hayır ,Kestel,750.000
943137720,  04 Eylül 2021,  Satılık Daire ,156.0,145.0,  3+1,  11-15 arası,  Yüksek Giriş,  3,  Doğalgaz (Kombi),  1,  Var,  Hayır,  Kiracılı,  Evet,  Ersan Sitesi,  Belirtilmemiş,  Hayır,  Kat Mülkiyetli,  Emlak Ofisinden,  Hayır,  Hayır ,Kestel,480.000
936257113,  04 Eylül 2021,  Satılık Daire ,268.0,245.0,  5+1,  5-10 arası,  5,  5,  Doğalgaz (Kombi),  2,  Var,  Hayır,  Mülk Sahibi,  Hayır,  Belirtilmemiş,  Belirtilmemiş,  Evet,  Kat Mülkiyetli,  Emlak Ofisinden,  Hayır,  Hayır ,Kestel,590.000
952307158,  04 Eylül 2021,  Satılık Daire ,75.0,70.0,  2+1,  26-30 arası,  3,  5,  Doğalgaz (Kombi),  1,  Var,  Evet,  Boş,  Hayır,  Belirtilmemiş,  Belirtilmemiş,  Evet,  Kat Mülkiyetli,  Sahibinden,  Hayır,  Hayır ,Kestel,228.000
952262285,  04 Eylül 2021,  Satılık Daire ,135.0,125.0,  3+1,  5-10 arası,  1,  11,  Merkezi (Pay Ölçer),  1,  Var,  Hayır,  Kiracılı,  Hayır,  Belirtilmemiş,  125,  Evet,  Kat Mülkiyetli,  Sahibinden,  Hayır,  Hayır ,Kestel,435.000
952288229,  03 Eylül 2021,  Satılık Daire ,220.0,200.0,  5+1,  0,  3,  3,  Doğalgaz (Kombi),  1,  Var,  Hayır,  Boş,  Hayır,  Belirtilmemiş,  Belirtilmemiş,  Evet,  Kat Mülkiyetli,  Emlak Ofisinden,  Evet,  Evet ,Kestel,525.000
952236877,  03 Eylül 2021,  Satılık Daire ,110.0,95.0,  2+1,  0,  1,  4,  Doğalgaz (Kombi),  1,  Var,  Hayır,  Boş,  Hayır,  Belirtilmemiş,  Belirtilmemiş,  Evet,  Kat Mülkiyetli,  Emlak Ofisinden,  Evet,  Evet ,Kestel,360.000
934600289,  03 Eylül 2021,  Satılık Daire ,133.0,123.0,  3+1,  11-15 arası,  2,  14,  Merkezi (Pay Ölçer),  1,  Var,  Hayır,  Kiracılı,  Evet,  Belirtilmemiş,  100,  Evet,  Kat Mülkiyetli,  Sahibinden,  Hayır,  Hayır ,Kestel,395.000
928240382,  03 Eylül 2021,  Satılık Daire ,105.0,95.0,  2+1,  0,  2,  3,  Doğalgaz (Kombi),  1,  Var,  Hayır,  Boş,  Hayır,  Belirtilmemiş,  Belirtilmemiş,  Evet,  Kat Mülkiyetli,  Emlak Ofisinden,  Hayır,  Evet ,Kestel,360.000
912899580,  03 Eylül 2021,  Satılık Daire ,135.0,125.0,  3+1,  5-10 arası,  2,  5,  Doğalgaz (Kombi),  1,  Var,  Hayır,  Boş,  Hayır,  Belirtilmemiş,  Belirtilmemiş,  Evet,  Kat Mülkiyetli,  Emlak Ofisinden,  Hayır,  Hayır ,Kestel,498.000
952153936,  03 Eylül 2021,  Satılık Daire ,220.0,180.0,  4+1,  3,  4,  4,  Doğalgaz (Kombi),  1,  Var,  Hayır,  Mülk Sahibi,  Hayır,  Belirtilmemiş,  0,  Evet,  Kat Mülkiyetli,  Emlak Ofisinden,  Evet,  Hayır ,Kestel,625.000
574666067,  03 Eylül 2021,  Satılık Müstakil Ev ,5.0,4.9,  4+2,  3,  3,  Kat Kaloriferi,  2,  Var,  Evet,  Mülk Sahibi,  Hayır,  Belirtilmemiş,  Belirtilmemiş,  Hayır,  Bilinmiyor,  Emlak Ofisinden,  Hayır,  Hayır ,Kestel,1.850.000,
943128026,  03 Eylül 2021,  Satılık Daire ,220.0,180.0,  4+1,  0,  4,  4,  Doğalgaz (Kombi),  3,  Var,  Hayır,  Boş,  Hayır,  Belirtilmemiş,  Belirtilmemiş,  Evet,  Kat İrtifaklı,  Emlak Ofisinden,  Evet,  Evet ,Kestel,600.000
943153547,  04 Eylül 2021,  Satılık Daire ,135.0,115.0,  3+1,  5-10 arası,  4,  5,  Doğalgaz (Kombi),  1,  Var,  Hayır,  Mülk Sahibi,  Evet,  Belirtilmemiş,  Belirtilmemiş,  Hayır,  Kat Mülkiyetli,  Emlak Ofisinden,  Hayır,  Hayır ,Kestel,464.000
943428840,  04 Eylül 2021,  Satılık Daire ,215.0,195.0,  4+1,  4,  4,  4,  Doğalgaz (Kombi),  2,  Var,  Hayır,  Mülk Sahibi,  Hayır,  Belirtilmemiş,  Belirtilmemiş,  Evet,  Kat Mülkiyetli,  Emlak Ofisinden,  Hayır,  Hayır ,Kestel,549.000
952133090,  03 Eylül 2021,  Satılık Daire ,125.0,120.0,  2+1,  0,  1,  4,  Doğalgaz (Kombi),  2,  Var,  Hayır,  Mülk Sahibi,  Evet,  Belirtilmemiş,  0,  Evet,  Kat Mülkiyetli,  İnşaat Firmasından,  Hayır,  Evet ,Kestel,415.000
952084850,  03 Eylül 2021,  Satılık Daire ,127.0,115.0,  3+1,  4,  1,  4,  Doğalgaz (Kombi),  1,  Var,  Hayır,  Kiracılı,  Hayır,  Belirtilmemiş,  60,  Evet,  Kat Mülkiyetli,  Sahibinden,  Hayır,  Hayır ,Kestel,465.000
942746791,  03 Eylül 2021,  Satılık Daire ,250.0,230.0,  4+1,  5-10 arası,  9,  9,  Merkezi,  4,  Var,  Hayır,  Mülk Sahibi,  Evet,  Belirtilmemiş,  70,  Evet,  Kat Mülkiyetli,  Emlak Ofisinden,  Hayır,  Hayır ,Kestel,885.000
952235019,  03 Eylül 2021,  Satılık Daire ,110.0,95.0,  2+1,  0,  1,  4,  Doğalgaz (Kombi),  1,  Var,  Hayır,  Boş,  Hayır,  Belirtilmemiş,  Belirtilmemiş,  Evet,  Kat Mülkiyetli,  Emlak Ofisinden,  Evet,  Evet ,Kestel,365.000
936239706,  03 Eylül 2021,  Satılık Daire ,130.0,125.0,  3+1,  5-10 arası,  Giriş Katı,  4,  Doğalgaz (Kombi),  1,  Var,  Hayır,  Kiracılı,  Evet,  Belirtilmemiş,  Belirtilmemiş,  Evet,  Kat Mülkiyetli,  Emlak Ofisinden,  Evet,  Hayır ,Kestel,405.000
947168512,  02 Eylül 2021,  Satılık Villa ,320.0,160.0,  3+1,  2,  2,  Yerden Isıtma,  1,  Evet,  Mülk Sahibi,  Evet,  Belirtilmemiş,  Belirtilmemiş,  Evet,  Kat Mülkiyetli,  Emlak Ofisinden,  Hayır,  Hayır ,Kestel,2.500.000,,
952150928,  03 Eylül 2021,  Satılık Daire ,135.0,125.0,  3+1,  0,  3,  4,  Doğalgaz (Kombi),  2,  Var,  Hayır,  Boş,  Hayır,  Belirtilmemiş,  0,  Evet,  Kat Mülkiyetli,  Emlak Ofisinden,  Evet,  Hayır ,Kestel,515.000
952106969,  03 Eylül 2021,  Satılık Daire ,250.0,240.0,  5+1,  0,  5,  5,  Doğalgaz (Kombi),  4,  Var,  Hayır,  Boş,  Evet,  Belirtilmemiş,  Belirtilmemiş,  Evet,  Kat Mülkiyetli,  İnşaat Firmasından,  Hayır,  Evet ,Kestel,740.000
935628305,  03 Eylül 2021,  Satılık Daire ,150.0,140.0,  2+1,  3,  3,  3,  Doğalgaz (Kombi),  2,  Var,  Hayır,  Mülk Sahibi,  Hayır,  Belirtilmemiş,  Belirtilmemiş,  Evet,  Kat Mülkiyetli,  Emlak Ofisinden,  Hayır,  Hayır ,Kestel,378.000
942520218,  02 Eylül 2021,  Satılık Daire ,135.0,120.0,  3+1,  5-10 arası,  1,  5,  Doğalgaz (Kombi),  2,  Var,  Hayır,  Kiracılı,  Evet,  Belirtilmemiş,  50,  Evet,  Kat Mülkiyetli,  Emlak Ofisinden,  Hayır,  Hayır ,Kestel,430.000
951128338,  02 Eylül 2021,  Satılık Daire ,162.0,146.0,  3+1,  11-15 arası,  Bahçe Katı,  4,  Doğalgaz (Kombi),  1,  Var,  Hayır,  Mülk Sahibi,  Hayır,  Belirtilmemiş,  0,  Evet,  Kat Mülkiyetli,  Sahibinden,  Hayır,  Hayır ,Kestel,398.000
870866157,  01 Eylül 2021,  Satılık Daire ,90.0,85.0,  2+1,  3,  5,  5,  Doğalgaz (Kombi),  2,  Var,  Hayır,  Boş,  Hayır,  Belirtilmemiş,  30,  Evet,  Kat Mülkiyetli,  Emlak Ofisinden,  Hayır,  Hayır ,Kestel,290.000
941015018,  01 Eylül 2021,  Satılık Daire ,105.0,90.0,  2+1,  0,  1,  3,  Doğalgaz (Kombi),  1,  Var,  Hayır,  Boş,  Hayır,  Belirtilmemiş,  Belirtilmemiş,  Evet,  Kat İrtifaklı,  Emlak Ofisinden,  Hayır,  Evet ,Kestel,259.000
942428593,  03 Eylül 2021,  Satılık Daire ,135.0,115.0,  3+1,  0,  Giriş Katı,  4,  Doğalgaz (Kombi),  1,  Var,  Hayır,  Boş,  Hayır,  Belirtilmemiş,  Belirtilmemiş,  Evet,  Kat Mülkiyetli,  Emlak Ofisinden,  Evet,  Hayır ,Kestel,420.000
942474231,  01 Eylül 2021,  Satılık Villa ,1.0,120.0,  3+1,  5-10 arası,  1,  Soba,  1,  Evet,  Boş,  Hayır,  Belirtilmemiş,  0,  Evet,  Bilinmiyor,  Emlak Ofisinden,  Evet,  Evet ,Kestel,930.000,,
934033334,  01 Eylül 2021,  Satılık Daire ,230.0,220.0,  5+1,  4,  5,  6,  Doğalgaz (Kombi),  2,  Var,  Hayır,  Kiracılı,  Hayır,  Belirtilmemiş,  Belirtilmemiş,  Evet,  Kat Mülkiyetli,  İnşaat Firmasından,  Evet,  Evet ,Kestel,600.000
951533111,  01 Eylül 2021,  Satılık Daire ,135.0,128.0,  3+1,  11-15 arası,  8,  14,  Merkezi,  1,  Var,  Hayır,  Kiracılı,  Evet,  Kestel 1. Etap Toki Konutları Site Yönetimi,  110,  Evet,  Kat Mülkiyetli,  Emlak Ofisinden,  Evet,  Hayır ,Kestel,415.000
927218583,  01 Eylül 2021,  Satılık Daire ,135.0,123.0,  3+1,  5-10 arası,  5,  11,  Merkezi (Pay Ölçer),  1,  Var,  Hayır,  Kiracılı,  Evet,  TOKİ Kestel Konutları,  120,  Evet,  Kat Mülkiyetli,  Emlak Ofisinden,  Hayır,  Hayır ,Kestel,425.000
875099767,  01 Eylül 2021,  Satılık Daire ,115.0,100.0,  2+1,  0,  1,  5,  Doğalgaz (Kombi),  2,  Var,  Hayır,  Boş,  Hayır,  Belirtilmemiş,  0,  Evet,  Kat İrtifaklı,  Emlak Ofisinden,  Hayır,  Hayır ,Kestel,480.000
927417229,  01 Eylül 2021,  Satılık Villa ,120.0,90.0,  2+1,  11-15 arası,  2,  Şömine,  1,  Hayır,  Boş,  Hayır,  Belirtilmemiş,  200,  Hayır,  Kat Mülkiyetli,  Emlak Ofisinden,  Hayır,  Hayır ,Kestel,945.000,,
935711473,  01 Eylül 2021,  Satılık Daire ,120.0,110.0,  3+1,  5-10 arası,  3,  11,  Merkezi (Pay Ölçer),  1,  Var,  Hayır,  Mülk Sahibi,  Evet,  TOKİ Kestel Konutları,  Belirtilmemiş,  Evet,  Kat Mülkiyetli,  Emlak Ofisinden,  Hayır,  Hayır ,Kestel,470.000
941012674,  01 Eylül 2021,  Satılık Daire ,105.0,90.0,  2+1,  0,  2,  3,  Doğalgaz (Kombi),  1,  Var,  Hayır,  Boş,  Hayır,  Belirtilmemiş,  Belirtilmemiş,  Evet,  Kat İrtifaklı,  Emlak Ofisinden,  Hayır,  Hayır ,Kestel,375.000
951424382,  01 Eylül 2021,  Satılık Daire ,140.0,120.0,  3+1,  0,  Bahçe Katı,  5,  Doğalgaz (Kombi),  2,  Var,  Hayır,  Boş,  Evet,  Belirtilmemiş,  0,  Evet,  Kat Mülkiyetli,  Emlak Ofisinden,  Hayır,  Hayır ,Kestel,350.000
899057407,  01 Eylül 2021,  Satılık Daire ,100.0,85.0,  2+1,  21-25 arası,  5,  5,  Doğalgaz (Kombi),  1,  Var,  Hayır,  Kiracılı,  Hayır,  Belirtilmemiş,  Belirtilmemiş,  Evet,  Kat Mülkiyetli,  Emlak Ofisinden,  Evet,  Hayır ,Kestel,180.000
951309347,  01 Eylül 2021,  Satılık Daire ,140.0,130.0,  3+1,  0,  2,  4,  Doğalgaz (Kombi),  1,  Var,  Hayır,  Boş,  Hayır,  Belirtilmemiş,  Belirtilmemiş,  Evet,  Kat Mülkiyetli,  Emlak Ofisinden,  Evet,  Evet ,Kestel,515.000
951234472,  31 Ağustos 2021,  Satılık Daire ,120.0,90.0,  2+1,  21-25 arası,  4,  4,  Doğalgaz (Kombi),  1,  Var,  Belirtilmemiş,  Boş,  Hayır,  Belirtilmemiş,  Belirtilmemiş,  Evet,  Kat Mülkiyetli,  Emlak Ofisinden,  Hayır,  Hayır ,Kestel,200.000
933988757,  31 Ağustos 2021,  Satılık Daire ,110.0,100.0,  3+1,  5-10 arası,  Yüksek Giriş,  4,  Doğalgaz (Kombi),  1,  Var,  Hayır,  Mülk Sahibi,  Hayır,  Belirtilmemiş,  Belirtilmemiş,  Evet,  Kat Mülkiyetli,  Emlak Ofisinden,  Hayır,  Hayır ,Kestel,370.000
839173928,  31 Ağustos 2021,  Satılık Müstakil Ev ,2.722,600.0,  6+2,  3,  2,  Yerden Isıtma,  5,  Var,  Evet,  Mülk Sahibi,  Hayır,  Belirtilmemiş,  Belirtilmemiş,  Evet,  Kat Mülkiyetli,  Emlak Ofisinden,  Evet,  Hayır ,Kestel,9.500.000,
951174458,  31 Ağustos 2021,  Satılık Daire ,130.0,115.0,  3+1,  3,  Yüksek Giriş,  4,  Doğalgaz (Kombi),  2,  Var,  Hayır,  Kiracılı,  Hayır,  Belirtilmemiş,  Belirtilmemiş,  Evet,  Kat Mülkiyetli,  Emlak Ofisinden,  Hayır,  Hayır ,Kestel,445.000
951516964,  01 Eylül 2021,  Satılık Daire ,95.0,85.0,  2+1,  0,  1,  4,  Doğalgaz (Kombi),  1,  Var,  Hayır,  Boş,  Hayır,  Belirtilmemiş,  Belirtilmemiş,  Evet,  Kat İrtifaklı,  Emlak Ofisinden,  Evet,  Evet ,Kestel,335.000
927686059,  02 Eylül 2021,  Satılık Daire ,165.0,145.0,  3+1,  3,  3,  3,  Doğalgaz (Kombi),  1,  Var,  Hayır,  Mülk Sahibi,  Hayır,  Belirtilmemiş,  Belirtilmemiş,  Evet,  Kat İrtifaklı,  Emlak Ofisinden,  Hayır,  Hayır ,Kestel,450.000
926972979,  31 Ağustos 2021,  Satılık Villa ,330.0,300.0,  6+1,  11-15 arası,  3,  Doğalgaz (Kombi),  2,  Hayır,  Mülk Sahibi,  Hayır,  Belirtilmemiş,  Belirtilmemiş,  Evet,  Kat Mülkiyetli,  Emlak Ofisinden,  Hayır,  Hayır ,Kestel,1.150.000,,
933169544,  01 Eylül 2021,  Satılık Daire ,138.0,130.0,  2+1,  0,  3,  3,  Doğalgaz (Kombi),  1,  Var,  Hayır,  Boş,  Evet,  Belirtilmemiş,  0,  Evet,  Kat Mülkiyetli,  Emlak Ofisinden,  Evet,  Evet ,Kestel,395.000
898918248,  31 Ağustos 2021,  Satılık Müstakil Ev ,1.0,1.0,  4+1,  16-20 arası,  2,  Soba,  2,  Var,  Evet,  Mülk Sahibi,  Hayır,  Belirtilmemiş,  Belirtilmemiş,  Belirtilmemiş,  Hisseli,  Sahibinden,  Evet,  Hayır ,Kestel,1.250.000,
951074002,  31 Ağustos 2021,  Satılık Daire ,115.0,100.0,  2+1,  11-15 arası,  2,  3,  Doğalgaz (Kombi),  1,  Var,  Hayır,  Mülk Sahibi,  Hayır,  Belirtilmemiş,  Belirtilmemiş,  Evet,  Kat Mülkiyetli,  Emlak Ofisinden,  Hayır,  Hayır ,Kestel,367.500
951066493,  31 Ağustos 2021,  Satılık Daire ,100.0,81.0,  2+1,  16-20 arası,  3,  5,  Doğalgaz (Kombi),  1,  Var,  Hayır,  Mülk Sahibi,  Hayır,  Belirtilmemiş,  30,  Evet,  Kat İrtifaklı,  Emlak Ofisinden,  Hayır,  Hayır ,Kestel,295.000
950892841,  30 Ağustos 2021,  Satılık Daire ,156.0,146.0,  3+1,  16-20 arası,  Yüksek Giriş,  4,  Doğalgaz (Kombi),  1,  Var,  Hayır,  Mülk Sahibi,  Hayır,  Belirtilmemiş,  0,  Evet,  Kat Mülkiyetli,  Sahibinden,  Hayır,  Hayır ,Kestel,399.000
950893530,  30 Ağustos 2021,  Satılık Daire ,125.0,108.0,  3+1,  0,  Zemin Kat,  4,  Doğalgaz (Kombi),  2,  Var,  Hayır,  Boş,  Evet,  Belirtilmemiş,  Belirtilmemiş,  Evet,  Kat Mülkiyetli,  Emlak Ofisinden,  Hayır,  Hayır ,Kestel,335.000
950884175,  30 Ağustos 2021,  Satılık Daire ,120.0,110.0,  3+1,  3,  4,  5,  Doğalgaz (Kombi),  1,  Var,  Belirtilmemiş,  Kiracılı,  Hayır,  Belirtilmemiş,  75,  Evet,  Kat Mülkiyetli,  Sahibinden,  Hayır,  Hayır ,Kestel,620.000
950879684,  30 Ağustos 2021,  Satılık Daire ,125.0,105.0,  3+1,  0,  Yüksek Giriş,  4,  Doğalgaz (Kombi),  1,  Var,  Hayır,  Boş,  Evet,  Belirtilmemiş,  0,  Evet,  Kat Mülkiyetli,  Emlak Ofisinden,  Evet,  Evet ,Kestel,450.000
943267734,  01 Eylül 2021,  Satılık Daire ,105.0,85.0,  2+1,  0,  Giriş Katı,  4,  Doğalgaz (Kombi),  1,  Var,  Hayır,  Boş,  Hayır,  Belirtilmemiş,  Belirtilmemiş,  Hayır,  Kat Mülkiyetli,  Sahibinden,  Hayır,  Evet ,Kestel,360.000
950845994,  30 Ağustos 2021,  Satılık Daire ,140.0,90.0,  2+1,  16-20 arası,  2,  3,  Doğalgaz (Kombi),  1,  Var,  Hayır,  Mülk Sahibi,  Hayır,  Belirtilmemiş,  Belirtilmemiş,  Evet,  Kat Mülkiyetli,  Emlak Ofisinden,  Hayır,  Hayır ,Kestel,335.000
935368984,  30 Ağustos 2021,  Satılık Daire ,90.0,80.0,  2+1,  0,  1,  3,  Doğalgaz (Kombi),  1,  Var,  Hayır,  Boş,  Hayır,  Belirtilmemiş,  0,  Evet,  Kat İrtifaklı,  Emlak Ofisinden,  Hayır,  Hayır ,Kestel,370.000
776241399,  30 Ağustos 2021,  Satılık Daire ,140.0,140.0,  3+1,  11-15 arası,  5,  7,  Doğalgaz (Kombi),  1,  Var,  Hayır,  Mülk Sahibi,  Hayır,  Belirtilmemiş,  Belirtilmemiş,  Hayır,  Belirtilmemiş,  Sahibinden,  Hayır,  Hayır ,Kestel,460.000
950758572,  30 Ağustos 2021,  Satılık Daire ,130.0,125.0,  3+1,  0,  3,  4,  Doğalgaz (Kombi),  1,  Var,  Hayır,  Mülk Sahibi,  Evet,  Belirtilmemiş,  80,  Evet,  Kat İrtifaklı,  Sahibinden,  Hayır,  Hayır ,Kestel,570.000
950625778,  30 Ağustos 2021,  Satılık Daire ,135.0,120.0,  3+1,  3,  3,  5,  Doğalgaz (Kombi),  1,  Var,  Evet,  Kiracılı,  Hayır,  Belirtilmemiş,  100,  Evet,  Kat Mülkiyetli,  Sahibinden,  Hayır,  Hayır ,Kestel,610.000
950771825,  30 Ağustos 2021,  Satılık Daire ,127.0,112.0,  3+1,  4,  3,  5,  Doğalgaz (Kombi),  1,  Var,  Hayır,  Mülk Sahibi,  Hayır,  Belirtilmemiş,  Belirtilmemiş,  Evet,  Kat Mülkiyetli,  Emlak Ofisinden,  Evet,  Hayır ,Kestel,455.000
940731486,  29 Ağustos 2021,  Satılık Daire ,130.0,100.0,  2+1,  0,  3,  3,  Doğalgaz (Kombi),  1,  Var,  Belirtilmemiş,  Boş,  Hayır,  Belirtilmemiş,  Belirtilmemiş,  Evet,  Kat İrtifaklı,  Emlak Ofisinden,  Hayır,  Evet ,Kestel,370.000
951932334,  02 Eylül 2021,  Satılık Daire ,145.0,130.0,  2.5+1,  4,  2,  3,  Doğalgaz (Kombi),  2,  Var,  Belirtilmemiş,  Mülk Sahibi,  Hayır,  Belirtilmemiş,  Belirtilmemiş,  Evet,  Kat Mülkiyetli,  Sahibinden,  Evet,  Hayır ,Kestel,495.000
933355456,  29 Ağustos 2021,  Satılık Villa ,640.0,180.0,  4+2,  4,  2,  Şömine,  2,  Hayır,  Boş,  Hayır,  Belirtilmemiş,  Belirtilmemiş,  Hayır,  Kat İrtifaklı,  Emlak Ofisinden,  Hayır,  Hayır ,Kestel,1.300.000,,
926362282,  29 Ağustos 2021,  Satılık Villa ,250.0,200.0,  4+1,  4,  2,  Kat Kaloriferi,  2,  Evet,  Mülk Sahibi,  Hayır,  Belirtilmemiş,  Belirtilmemiş,  Evet,  Bilinmiyor,  İnşaat Firmasından,  Evet,  Evet ,Kestel,3.750.000,,
950567348,  29 Ağustos 2021,  Satılık Daire ,125.0,117.0,  2+1,  21-25 arası,  3,  4,  Doğalgaz (Kombi),  1,  Var,  Hayır,  Boş,  Hayır,  Belirtilmemiş,  Belirtilmemiş,  Evet,  Kat Mülkiyetli,  Emlak Ofisinden,  Hayır,  Hayır ,Kestel,320.000
950877318,  30 Ağustos 2021,  Satılık Daire ,125.0,105.0,  3+1,  0,  1,  4,  Doğalgaz (Kombi),  1,  Var,  Hayır,  Boş,  Evet,  Belirtilmemiş,  0,  Evet,  Kat Mülkiyetli,  Emlak Ofisinden,  Evet,  Hayır ,Kestel,515.000
941527225,  29 Ağustos 2021,  Satılık Villa ,280.0,230.0,  4+1,  5-10 arası,  3,  Soba,  3,  Hayır,  Boş,  Evet,  Belirtilmemiş,  Belirtilmemiş,  Evet,  Kat Mülkiyetli,  Emlak Ofisinden,  Hayır,  Evet ,Kestel,530.000,,
935596510,  01 Eylül 2021,  Satılık Daire ,115.0,103.0,  2+1,  0,  Bahçe Katı,  4,  Doğalgaz (Kombi),  2,  Var,  Hayır,  Boş,  Evet,  Belirtilmemiş,  Belirtilmemiş,  Hayır,  Kat Mülkiyetli,  Emlak Ofisinden,  Evet,  Hayır ,Kestel,340.000
948396289,  29 Ağustos 2021,  Satılık Daire ,160.0,145.0,  3+1,  4,  4,  4,  Doğalgaz (Kombi),  1,  Var,  Hayır,  Mülk Sahibi,  Hayır,  Belirtilmemiş,  Belirtilmemiş,  Evet,  Kat Mülkiyetli,  Sahibinden,  Hayır,  Evet ,Kestel,560.000
934993018,  29 Ağustos 2021,  Satılık Daire ,133.0,123.0,  3+1,  11-15 arası,  6,  14,  Merkezi (Pay Ölçer),  1,  Var,  Hayır,  Kiracılı,  Evet,  TOKİ Kestel Konutları,  100,  Evet,  Kat Mülkiyetli,  Emlak Ofisinden,  Hayır,  Hayır ,Kestel,435.000
935234664,  30 Ağustos 2021,  Satılık Daire ,125.0,110.0,  3+1,  0,  2,  4,  Doğalgaz (Kombi),  1,  Var,  Hayır,  Boş,  Hayır,  Belirtilmemiş,  Belirtilmemiş,  Evet,  Kat İrtifaklı,  Emlak Ofisinden,  Hayır,  Hayır ,Kestel,475.000
950736850,  30 Ağustos 2021,  Satılık Daire ,125.0,115.0,  3+1,  0,  2,  4,  Doğalgaz (Kombi),  1,  Var,  Hayır,  Boş,  Hayır,  Belirtilmemiş,  Belirtilmemiş,  Evet,  Kat İrtifaklı,  Emlak Ofisinden,  Hayır,  Evet ,Kestel,515.000
917888434,  30 Ağustos 2021,  Satılık Daire ,200.0,185.0,  4+1,  2,  Bahçe Katı,  4,  Doğalgaz (Kombi),  2,  Var,  Hayır,  Mülk Sahibi,  Hayır,  Belirtilmemiş,  Belirtilmemiş,  Evet,  Kat Mülkiyetli,  Emlak Ofisinden,  Hayır,  Hayır ,Kestel,500.000
951070302,  31 Ağustos 2021,  Satılık Daire ,100.0,90.0,  2+1,  0,  3,  4,  Doğalgaz (Kombi),  1,  Var,  Hayır,  Boş,  Hayır,  Belirtilmemiş,  0,  Evet,  Kat İrtifaklı,  Emlak Ofisinden,  Evet,  Evet ,Kestel,365.000
843058934,  28 Ağustos 2021,  Satılık Daire ,100.0,90.0,  2+1,  0,  Yüksek Giriş,  4,  Kat Kaloriferi,  1,  Yok,  Hayır,  Boş,  Hayır,  Belirtilmemiş,  Belirtilmemiş,  Evet,  Kat Mülkiyetli,  Emlak Ofisinden,  Hayır,  Hayır ,Kestel,270.000
929983611,  28 Ağustos 2021,  Satılık Daire ,90.0,85.0,  2+1,  16-20 arası,  Giriş Altı Kot 2,  3,  Doğalgaz (Kombi),  1,  Var,  Hayır,  Mülk Sahibi,  Hayır,  Belirtilmemiş,  20,  Evet,  Kat Mülkiyetli,  Emlak Ofisinden,  Hayır,  Hayır ,Kestel,310.000
940977443,  28 Ağustos 2021,  Satılık Daire ,85.0,80.0,  2+1,  5-10 arası,  Giriş Altı Kot 2,  4,  Doğalgaz (Kombi),  1,  Var,  Hayır,  Boş,  Hayır,  Belirtilmemiş,  50,  Evet,  Kat Mülkiyetli,  Emlak Ofisinden,  Hayır,  Hayır ,Kestel,325.000
950874265,  30 Ağustos 2021,  Satılık Daire ,125.0,105.0,  3+1,  0,  3,  4,  Doğalgaz (Kombi),  1,  Var,  Hayır,  Boş,  Evet,  Belirtilmemiş,  0,  Evet,  Kat Mülkiyetli,  Emlak Ofisinden,  Evet,  Hayır ,Kestel,525.000
926986444,  29 Ağustos 2021,  Satılık Daire ,75.0,65.0,  1+1,  4,  Giriş Katı,  4,  Doğalgaz (Kombi),  1,  Yok,  Hayır,  Boş,  Hayır,  Belirtilmemiş,  0,  Evet,  Kat Mülkiyetli,  Emlak Ofisinden,  Evet,  Evet ,Kestel,172.000
925404981,  28 Ağustos 2021,  Satılık Daire ,90.0,75.0,  2+1,  26-30 arası,  Giriş Katı,  5,  Doğalgaz (Kombi),  1,  Var,  Hayır,  Boş,  Hayır,  Belirtilmemiş,  Belirtilmemiş,  Evet,  Kat Mülkiyetli,  Sahibinden,  Hayır,  Hayır ,Kestel,310.000
934324754,  28 Ağustos 2021,  Satılık Daire ,165.0,135.0,  5+1,  0,  4,  4,  Doğalgaz (Kombi),  1,  Var,  Hayır,  Boş,  Hayır,  Belirtilmemiş,  Belirtilmemiş,  Evet,  Belirtilmemiş,  Emlak Ofisinden,  Evet,  Hayır ,Kestel,530.000
950183379,  28 Ağustos 2021,  Satılık Daire ,150.0,135.0,  3+1,  0,  Giriş Altı Kot 3,  3,  Doğalgaz (Kombi),  2,  Var,  Belirtilmemiş,  Boş,  Hayır,  Belirtilmemiş,  Belirtilmemiş,  Evet,  Kat İrtifaklı,  Sahibinden,  Evet,  Evet ,Kestel,500.000
934803754,  28 Ağustos 2021,  Satılık Daire ,75.0,60.0,  2+1,  4,  Bodrum Kat,  5,  Doğalgaz (Kombi),  1,  Var,  Hayır,  Boş,  Hayır,  Belirtilmemiş,  25,  Evet,  Kat Mülkiyetli,  Emlak Ofisinden,  Hayır,  Hayır ,Kestel,210.000
950173036,  28 Ağustos 2021,  Satılık Daire ,100.0,90.0,  2+1,  4,  Yüksek Giriş,  3,  Doğalgaz (Kombi),  1,  Var,  Hayır,  Mülk Sahibi,  Hayır,  Belirtilmemiş,  20,  Evet,  Kat Mülkiyetli,  Emlak Ofisinden,  Hayır,  Hayır ,Kestel,358.500
950161025,  28 Ağustos 2021,  Satılık Daire ,135.0,125.0,  3+1,  5-10 arası,  2,  3,  Doğalgaz (Kombi),  1,  Var,  Hayır,  Mülk Sahibi,  Hayır,  Belirtilmemiş,  Belirtilmemiş,  Evet,  Kat Mülkiyetli,  Emlak Ofisinden,  Hayır,  Evet ,Kestel,468.000
928076907,  28 Ağustos 2021,  Satılık Villa ,245.0,210.0,  6+1,  11-15 arası,  3,  Doğalgaz (Kombi),  3,  Hayır,  Boş,  Evet,  Arda Sitesi,  Belirtilmemiş,  Evet,  Kat Mülkiyetli,  Emlak Ofisinden,  Hayır,  Hayır ,Kestel,565.000,,
950157236,  28 Ağustos 2021,  Satılık Daire ,148.0,128.0,  3+1,  4,  Bahçe Katı,  4,  Doğalgaz (Kombi),  2,  Var,  Hayır,  Mülk Sahibi,  Hayır,  Belirtilmemiş,  Belirtilmemiş,  Evet,  Kat Mülkiyetli,  Emlak Ofisinden,  Hayır,  Hayır ,Kestel,370.000
941225586,  28 Ağustos 2021,  Satılık Daire ,125.0,105.0,  3+1,  16-20 arası,  Giriş Altı Kot 2,  4,  Doğalgaz (Kombi),  1,  Var,  Hayır,  Kiracılı,  Hayır,  Belirtilmemiş,  20,  Evet,  Kat Mülkiyetli,  Emlak Ofisinden,  Hayır,  Hayır ,Kestel,365.000
934908021,  28 Ağustos 2021,  Satılık Daire ,115.0,105.0,  3+1,  4,  Giriş Altı Kot 2,  4,  Doğalgaz (Kombi),  1,  Var,  Hayır,  Mülk Sahibi,  Hayır,  Belirtilmemiş,  50,  Evet,  Kat Mülkiyetli,  Emlak Ofisinden,  Hayır,  Hayır ,Kestel,420.000
949853032,  27 Ağustos 2021,  Satılık Daire ,185.0,170.0,  4+1,  5-10 arası,  Çatı Katı,  5,  Doğalgaz (Kombi),  3,  Var,  Hayır,  Mülk Sahibi,  Hayır,  Belirtilmemiş,  Belirtilmemiş,  Evet,  Kat Mülkiyetli,  Emlak Ofisinden,  Hayır,  Hayır ,Kestel,540.000
949686211,  26 Ağustos 2021,  Satılık Daire ,116.0,101.0,  2+1,  11-15 arası,  2,  5,  Doğalgaz (Kombi),  1,  Var,  Belirtilmemiş,  Boş,  Hayır,  Belirtilmemiş,  Belirtilmemiş,  Evet,  Kat Mülkiyetli,  Emlak Ofisinden,  Hayır,  Hayır ,Kestel,365.000
940394314,  26 Ağustos 2021,  Satılık Daire ,160.0,150.0,  3+1,  26-30 arası,  4,  4,  Doğalgaz (Kombi),  1,  Var,  Hayır,  Mülk Sahibi,  Hayır,  Belirtilmemiş,  Belirtilmemiş,  Evet,  Kat İrtifaklı,  Emlak Ofisinden,  Hayır,  Hayır ,Kestel,375.000
941577287,  29 Ağustos 2021,  Satılık Daire ,190.0,170.0,  5+1,  0,  4,  4,  Doğalgaz (Kombi),  1,  Var,  Hayır,  Boş,  Evet,  Belirtilmemiş,  Belirtilmemiş,  Evet,  Kat Mülkiyetli,  Emlak Ofisinden,  Evet,  Evet ,Kestel,680.000
934430161,  26 Ağustos 2021,  Satılık Daire ,135.0,125.0,  2+1,  0,  3,  3,  Doğalgaz (Kombi),  1,  Var,  Hayır,  Boş,  Hayır,  Belirtilmemiş,  0,  Evet,  Kat İrtifaklı,  Emlak Ofisinden,  Evet,  Evet ,Kestel,370.000
949616801,  26 Ağustos 2021,  Satılık Daire ,268.0,208.0,  5+1,  4,  Çatı Katı,  3,  Doğalgaz (Kombi),  2,  Var,  Hayır,  Mülk Sahibi,  Hayır,  Belirtilmemiş,  15,  Evet,  Kat Mülkiyetli,  Emlak Ofisinden,  Hayır,  Hayır ,Kestel,730.000
949590802,  26 Ağustos 2021,  Satılık Daire ,265.0,240.0,  5+1,  5-10 arası,  5,  5,  Doğalgaz (Kombi),  2,  Var,  Hayır,  Mülk Sahibi,  Evet,  Belirtilmemiş,  50,  Evet,  Kat Mülkiyetli,  Sahibinden,  Hayır,  Hayır ,Kestel,735.000
949881090,  27 Ağustos 2021,  Satılık Daire ,165.0,150.0,  3+1,  0,  1,  5,  Doğalgaz (Kombi),  1,  Var,  Hayır,  Boş,  Hayır,  Belirtilmemiş,  Belirtilmemiş,  Hayır,  Bilinmiyor,  Emlak Ofisinden,  Hayır,  Hayır ,Kestel,690.000
949861067,  27 Ağustos 2021,  Satılık Daire ,110.0,100.0,  2+1,  4,  Bahçe Katı,  3,  Doğalgaz (Kombi),  1,  Var,  Hayır,  Mülk Sahibi,  Hayır,  Belirtilmemiş,  Belirtilmemiş,  Evet,  Kat Mülkiyetli,  Emlak Ofisinden,  Hayır,  Hayır ,Kestel,328.000
927799540,  26 Ağustos 2021,  Satılık Daire ,124.0,115.0,  2+1,  0,  2,  4,  Doğalgaz (Kombi),  2,  Var,  Hayır,  Boş,  Hayır,  Belirtilmemiş,  0,  Evet,  Kat İrtifaklı,  İnşaat Firmasından,  Hayır,  Hayır ,Kestel,435.000
940495259,  26 Ağustos 2021,  Satılık Daire ,150.0,130.0,  3+1,  5-10 arası,  4,  4,  Doğalgaz (Kombi),  1,  Var,  Evet,  Mülk Sahibi,  Hayır,  Belirtilmemiş,  Belirtilmemiş,  Evet,  Kat Mülkiyetli,  Emlak Ofisinden,  Hayır,  Hayır ,Kestel,561.000
905873767,  28 Ağustos 2021,  Satılık Daire ,128.0,110.0,  3+1,  0,  Giriş Altı Kot 2,  5,  Doğalgaz (Kombi),  2,  Var,  Hayır,  Boş,  Hayır,  Belirtilmemiş,  50,  Evet,  Kat Mülkiyetli,  Sahibinden,  Evet,  Evet ,Kestel,590.000
927634103,  25 Ağustos 2021,  Satılık Villa ,220.0,200.0,  5+1,  2,  3,  Soba,  2,  Hayır,  Mülk Sahibi,  Hayır,  Belirtilmemiş,  Belirtilmemiş,  Evet,  Kat Mülkiyetli,  Emlak Ofisinden,  Hayır,  Hayır ,Kestel,2.150.000,,
851194008,  25 Ağustos 2021,  Satılık Müstakil Ev ,135.0,135.0,  2+1,  5-10 arası,  1,  Soba,  1,  Yok,  Hayır,  Mülk Sahibi,  Hayır,  Belirtilmemiş,  Belirtilmemiş,  Hayır,  Belirtilmemiş,  Sahibinden,  Hayır,  Evet ,Kestel,390.000,
949332352,  25 Ağustos 2021,  Satılık Daire ,95.0,90.0,  2+1,  0,  Yüksek Giriş,  4,  Doğalgaz (Kombi),  1,  Var,  Hayır,  Boş,  Hayır,  Belirtilmemiş,  Belirtilmemiş,  Evet,  Kat Mülkiyetli,  Emlak Ofisinden,  Hayır,  Evet ,Kestel,360.000
949322383,  25 Ağustos 2021,  Satılık Daire ,120.0,110.0,  3+1,  3,  Yüksek Giriş,  5,  Doğalgaz (Kombi),  1,  Var,  Hayır,  Boş,  Hayır,  Belirtilmemiş,  Belirtilmemiş,  Evet,  Kat Mülkiyetli,  Emlak Ofisinden,  Evet,  Evet ,Kestel,337.000
949292865,  25 Ağustos 2021,  Satılık Daire ,250.0,240.0,  4+2,  5-10 arası,  4,  5,  Doğalgaz (Kombi),  2,  Var,  Hayır,  Boş,  Hayır,  Belirtilmemiş,  50,  Evet,  Kat Mülkiyetli,  Emlak Ofisinden,  Hayır,  Hayır ,Kestel,550.000
949270934,  25 Ağustos 2021,  Satılık Daire ,120.0,100.0,  2+1,  5-10 arası,  3,  5,  Doğalgaz (Kombi),  1,  Var,  Hayır,  Kiracılı,  Hayır,  Belirtilmemiş,  1,  Evet,  Kat Mülkiyetli,  Emlak Ofisinden,  Hayır,  Hayır ,Kestel,350.000
948432856,  25 Ağustos 2021,  Satılık Daire ,80.0,65.0,  2+1,  26-30 arası,  2,  5,  Doğalgaz (Kombi),  1,  Var,  Hayır,  Kiracılı,  Hayır,  Belirtilmemiş,  Belirtilmemiş,  Evet,  Kat Mülkiyetli,  Sahibinden,  Hayır,  Hayır ,Kestel,265.000
940403216,  25 Ağustos 2021,  Satılık Daire ,228.0,180.0,  5+1,  5-10 arası,  4,  4,  Doğalgaz (Kombi),  1,  Var,  Hayır,  Mülk Sahibi,  Hayır,  Belirtilmemiş,  Belirtilmemiş,  Evet,  Kat Mülkiyetli,  Emlak Ofisinden,  Evet,  Hayır ,Kestel,650.000
940492955,  26 Ağustos 2021,  Satılık Daire ,170.0,140.0,  2+1,  3,  4,  4,  Doğalgaz (Kombi),  1,  Var,  Hayır,  Mülk Sahibi,  Hayır,  Belirtilmemiş,  Belirtilmemiş,  Evet,  Kat Mülkiyetli,  Emlak Ofisinden,  Hayır,  Hayır ,Kestel,440.000
949196460,  25 Ağustos 2021,  Satılık Daire ,110.0,95.0,  2+1,  4,  Yüksek Giriş,  3,  Doğalgaz (Kombi),  1,  Var,  Hayır,  Mülk Sahibi,  Hayır,  Belirtilmemiş,  Belirtilmemiş,  Evet,  Kat Mülkiyetli,  Emlak Ofisinden,  Hayır,  Hayır ,Kestel,345.000
938508345,  24 Ağustos 2021,  Satılık Daire ,130.0,110.0,  3+1,  0,  2,  4,  Doğalgaz (Kombi),  1,  Var,  Hayır,  Boş,  Hayır,  Belirtilmemiş,  30,  Evet,  Kat Mülkiyetli,  Sahibinden,  Evet,  Evet ,Kestel,465.000
949020406,  24 Ağustos 2021,  Satılık Daire ,120.0,100.0,  2+1,  0,  3,  3,  Doğalgaz (Kombi),  1,  Var,  Hayır,  Boş,  Hayır,  Belirtilmemiş,  Belirtilmemiş,  Belirtilmemiş,  Kat Mülkiyetli,  Sahibinden,  Hayır,  Hayır ,Kestel,468.000
923642055,  24 Ağustos 2021,  Satılık Daire ,80.0,70.0,  2+1,  26-30 arası,  5,  5,  Doğalgaz (Kombi),  1,  Var,  Hayır,  Kiracılı,  Hayır,  Belirtilmemiş,  Belirtilmemiş,  Evet,  Kat İrtifaklı,  Sahibinden,  Hayır,  Hayır ,Kestel,270.000
933211738,  24 Ağustos 2021,  Satılık Daire ,240.0,220.0,  5+1,  2,  Giriş Altı Kot 4,  4,  Doğalgaz Sobası,  1,  Var,  Hayır,  Boş,  Hayır,  Belirtilmemiş,  Belirtilmemiş,  Evet,  Kat Mülkiyetli,  Sahibinden,  Evet,  Hayır ,Kestel,670.000
949311251,  25 Ağustos 2021,  Satılık Daire ,130.0,120.0,  2+1,  0,  4,  4,  Doğalgaz (Kombi),  1,  Var,  Hayır,  Boş,  Hayır,  Belirtilmemiş,  Belirtilmemiş,  Evet,  Kat Mülkiyetli,  Emlak Ofisinden,  Hayır,  Evet ,Kestel,430.000
949314011,  25 Ağustos 2021,  Satılık Daire ,105.0,100.0,  2+1,  16-20 arası,  3,  4,  Doğalgaz (Kombi),  1,  Var,  Hayır,  Boş,  Hayır,  Belirtilmemiş,  20,  Evet,  Kat Mülkiyetli,  Emlak Ofisinden,  Hayır,  Hayır ,Kestel,345.000
856052524,  24 Ağustos 2021,  Satılık Daire ,80.0,75.0,  2+1,  26-30 arası,  Giriş Altı Kot 4,  5,  Doğalgaz (Kombi),  1,  Yok,  Hayır,  Boş,  Hayır,  Belirtilmemiş,  Belirtilmemiş,  Hayır,  Kat Mülkiyetli,  Sahibinden,  Hayır,  Hayır ,Kestel,245.000
948928113,  24 Ağustos 2021,  Satılık Daire ,130.0,120.0,  2+1,  0,  Çatı Katı,  3,  Doğalgaz (Kombi),  1,  Var,  Hayır,  Boş,  Hayır,  Belirtilmemiş,  Belirtilmemiş,  Evet,  Kat Mülkiyetli,  Emlak Ofisinden,  Hayır,  Evet ,Kestel,420.000
868823150,  26 Ağustos 2021,  Satılık Daire ,115.0,105.0,  2+1,  3,  3,  5,  Doğalgaz (Kombi),  1,  Var,  Evet,  Mülk Sahibi,  Hayır,  Belirtilmemiş,  0,  Evet,  Kat Mülkiyetli,  Emlak Ofisinden,  Evet,  Hayır ,Kestel,375.000
948669440,  24 Ağustos 2021,  Satılık Daire ,140.0,90.0,  2+1,  16-20 arası,  3,  5,  Doğalgaz (Kombi),  1,  Var,  Belirtilmemiş,  Mülk Sahibi,  Hayır,  Belirtilmemiş,  Belirtilmemiş,  Evet,  Kat Mülkiyetli,  Sahibinden,  Hayır,  Evet ,Kestel,335.000
949101715,  25 Ağustos 2021,  Satılık Daire ,100.0,90.0,  2+1,  1,  3,  4,  Doğalgaz (Kombi),  1,  Var,  Hayır,  Mülk Sahibi,  Hayır,  Belirtilmemiş,  Belirtilmemiş,  Evet,  Kat Mülkiyetli,  Emlak Ofisinden,  Hayır,  Hayır ,Kestel,360.000
948695466,  23 Ağustos 2021,  Satılık Daire ,95.0,87.0,  2+1,  5-10 arası,  1,  13,  Merkezi (Pay Ölçer),  1,  Var,  Belirtilmemiş,  Mülk Sahibi,  Evet,  TOKİ Kestel Konutları,  115,  Evet,  Kat Mülkiyetli,  Sahibinden,  Hayır,  Evet ,Kestel,335.000
939716115,  23 Ağustos 2021,  Satılık Daire ,143.0,125.0,  3+1,  0,  2,  7,  Doğalgaz (Kombi),  1,  Var,  Hayır,  Boş,  Evet,  Albena City,  50,  Evet,  Kat Mülkiyetli,  İnşaat Firmasından,  Evet,  Hayır ,Kestel,665.000
940375396,  25 Ağustos 2021,  Satılık Daire ,110.0,100.0,  2+1,  4,  2,  5,  Doğalgaz (Kombi),  2,  Var,  Hayır,  Mülk Sahibi,  Evet,  Platin Park Evleri,  70,  Evet,  Kat Mülkiyetli,  Emlak Ofisinden,  Hayır,  Hayır ,Kestel,440.000
948902406,  24 Ağustos 2021,  Satılık Daire ,135.0,128.0,  3+1,  11-15 arası,  13,  14,  Merkezi,  1,  Var,  Hayır,  Boş,  Hayır,  Belirtilmemiş,  110,  Evet,  Kat Mülkiyetli,  Emlak Ofisinden,  Evet,  Hayır ,Kestel,415.000
939980022,  24 Ağustos 2021,  Satılık Daire ,272.0,230.0,  5+1,  0,  Çatı Katı,  3,  Doğalgaz (Kombi),  4,  Var,  Hayır,  Boş,  Hayır,  Belirtilmemiş,  Belirtilmemiş,  Evet,  Kat İrtifaklı,  İnşaat Firmasından,  Hayır,  Hayır ,Kestel,750.000
940626547,  26 Ağustos 2021,  Satılık Daire ,110.0,90.0,  2+1,  0,  3,  4,  Doğalgaz (Kombi),  1,  Var,  Hayır,  Boş,  Hayır,  Belirtilmemiş,  Belirtilmemiş,  Evet,  Kat Mülkiyetli,  Emlak Ofisinden,  Evet,  Hayır ,Kestel,360.000
932841686,  26 Ağustos 2021,  Satılık Daire ,100.0,90.0,  2+1,  4,  4,  5,  Doğalgaz (Kombi),  1,  Var,  Hayır,  Mülk Sahibi,  Hayır,  Belirtilmemiş,  0,  Evet,  Kat Mülkiyetli,  Emlak Ofisinden,  Evet,  Hayır ,Kestel,335.000
940634893,  26 Ağustos 2021,  Satılık Daire ,280.0,240.0,  6+1,  4,  5,  5,  Doğalgaz (Kombi),  3,  Var,  Hayır,  Mülk Sahibi,  Hayır,  Belirtilmemiş,  Belirtilmemiş,  Evet,  Kat Mülkiyetli,  Emlak Ofisinden,  Evet,  Evet ,Kestel,1.000.000
910816233,  25 Ağustos 2021,  Satılık Daire ,140.0,130.0,  3+1,  4,  3,  5,  Doğalgaz (Kombi),  1,  Var,  Hayır,  Mülk Sahibi,  Hayır,  Belirtilmemiş,  0,  Evet,  Kat Mülkiyetli,  Emlak Ofisinden,  Evet,  Hayır ,Kestel,515.000
940628892,  26 Ağustos 2021,  Satılık Daire ,123.0,105.0,  3+1,  0,  2,  4,  Doğalgaz (Kombi),  1,  Var,  Hayır,  Boş,  Hayır,  Belirtilmemiş,  Belirtilmemiş,  Evet,  Kat Mülkiyetli,  Emlak Ofisinden,  Evet,  Hayır ,Kestel,450.000
948552129,  23 Ağustos 2021,  Satılık Daire ,250.0,240.0,  5+1,  0,  4,  4,  Doğalgaz (Kombi),  4,  Var,  Hayır,  Boş,  Evet,  Belirtilmemiş,  Belirtilmemiş,  Evet,  Kat İrtifaklı,  Emlak Ofisinden,  Evet,  Evet ,Kestel,730.000
948126693,  22 Ağustos 2021,  Satılık Daire ,270.0,260.0,  4+1,  5-10 arası,  4,  4,  Doğalgaz (Kombi),  2,  Var,  Hayır,  Kiracılı,  Hayır,  Belirtilmemiş,  50,  Evet,  Kat Mülkiyetli,  Sahibinden,  Hayır,  Hayır ,Kestel,750.000
948711552,  24 Ağustos 2021,  Satılık Daire ,95.0,80.0,  1+1,  5-10 arası,  Giriş Katı,  4,  Doğalgaz (Kombi),  1,  Var,  Hayır,  Kiracılı,  Hayır,  Belirtilmemiş,  Belirtilmemiş,  Evet,  Kat Mülkiyetli,  Sahibinden,  Hayır,  Evet ,Kestel,215.000
948109994,  21 Ağustos 2021,  Satılık Daire ,110.0,100.0,  2+1,  21-25 arası,  3,  5,  Doğalgaz (Kombi),  1,  Var,  Hayır,  Kiracılı,  Hayır,  Belirtilmemiş,  50,  Evet,  Kat Mülkiyetli,  Emlak Ofisinden,  Hayır,  Hayır ,Kestel,360.000
943882601,  21 Ağustos 2021,  Satılık Daire ,235.0,220.0,  5+1,  0,  4,  4,  Doğalgaz (Kombi),  4,  Var,  Hayır,  Boş,  Hayır,  Belirtilmemiş,  Belirtilmemiş,  Evet,  Belirtilmemiş,  Emlak Ofisinden,  Hayır,  Hayır ,Kestel,710.000
948000116,  21 Ağustos 2021,  Satılık Daire ,100.0,90.0,  2+1,  5-10 arası,  7,  12,  Doğalgaz (Kombi),  1,  Var,  Hayır,  Mülk Sahibi,  Evet,  TOKİ Kestel Konutları,  Belirtilmemiş,  Evet,  Kat Mülkiyetli,  Emlak Ofisinden,  Evet,  Hayır ,Kestel,360.000
947810649,  21 Ağustos 2021,  Satılık Daire ,110.0,100.0,  2+1,  16-20 arası,  Yüksek Giriş,  4,  Doğalgaz (Kombi),  1,  Var,  Hayır,  Mülk Sahibi,  Hayır,  Belirtilmemiş,  Belirtilmemiş,  Evet,  Kat Mülkiyetli,  Sahibinden,  Hayır,  Evet ,Kestel,205.000
948398849,  22 Ağustos 2021,  Satılık Daire ,186.0,160.0,  4+1,  0,  4,  4,  Doğalgaz (Kombi),  2,  Var,  Hayır,  Boş,  Hayır,  Belirtilmemiş,  Belirtilmemiş,  Evet,  Kat İrtifaklı,  Emlak Ofisinden,  Hayır,  Hayır ,Kestel,550.000
940414491,  25 Ağustos 2021,  Satılık Daire ,135.0,110.0,  3+1,  0,  2,  4,  Doğalgaz (Kombi),  1,  Var,  Hayır,  Boş,  Hayır,  Belirtilmemiş,  Belirtilmemiş,  Evet,  Kat İrtifaklı,  Emlak Ofisinden,  Evet,  Hayır ,Kestel,485.000
895157040,  20 Ağustos 2021,  Satılık Müstakil Ev ,1.133,220.0,  4+1,  5-10 arası,  2,  Doğalgaz (Kombi),  2,  Yok,  Evet,  Mülk Sahibi,  Hayır,  Belirtilmemiş,  Belirtilmemiş,  Evet,  Kat İrtifaklı,  Emlak Ofisinden,  Hayır,  Hayır ,Kestel,1.600.000,
947577891,  20 Ağustos 2021,  Satılık Daire ,133.0,123.0,  3+1,  11-15 arası,  3,  14,  Merkezi (Pay Ölçer),  1,  Var,  Hayır,  Kiracılı,  Evet,  Kestel 1. Etap Toki Konutları Site Yönetimi,  100,  Hayır,  Kat Mülkiyetli,  Sahibinden,  Hayır,  Hayır ,Kestel,430.000
947952333,  21 Ağustos 2021,  Satılık Daire ,110.0,95.0,  2+1,  0,  3,  4,  Doğalgaz (Kombi),  1,  Var,  Hayır,  Boş,  Hayır,  Belirtilmemiş,  Belirtilmemiş,  Evet,  Kat İrtifaklı,  Emlak Ofisinden,  Hayır,  Hayır ,Kestel,360.000
947576865,  20 Ağustos 2021,  Satılık Daire ,123.0,123.0,  3+1,  11-15 arası,  Giriş Katı,  14,  Merkezi,  1,  Var,  Hayır,  Mülk Sahibi,  Evet,  Kestel 1. Etap Toki Konutları Site Yönetimi,  105,  Evet,  Kat Mülkiyetli,  Sahibinden,  Hayır,  Hayır ,Kestel,405.000
930445825,  21 Ağustos 2021,  Satılık Müstakil Ev ,250.0,250.0,  3+1,  31 ve üzeri,  2,  Soba,  Yok,  Yok,  Belirtilmemiş,  Boş,  Hayır,  Belirtilmemiş,  Belirtilmemiş,  Belirtilmemiş,  Hisseli,  Sahibinden,  Hayır,  Hayır ,Kestel,390.000,
938262130,  20 Ağustos 2021,  Satılık Daire ,90.0,88.0,  2+1,  5-10 arası,  1,  11,  Merkezi (Pay Ölçer),  1,  Var,  Hayır,  Kiracılı,  Evet,  TOKİ Kestel Konutları,  Belirtilmemiş,  Evet,  Kat Mülkiyetli,  Emlak Ofisinden,  Hayır,  Hayır ,Kestel,285.000
936667564,  19 Ağustos 2021,  Satılık Daire ,125.0,110.0,  3+1,  0,  Yüksek Giriş,  5,  Doğalgaz (Kombi),  1,  Var,  Hayır,  Boş,  Hayır,  Belirtilmemiş,  Belirtilmemiş,  Evet,  Kat Mülkiyetli,  Emlak Ofisinden,  Hayır,  Hayır ,Kestel,435.000
947374170,  19 Ağustos 2021,  Satılık Daire ,70.0,65.0,  2+1,  21-25 arası,  Bahçe Katı,  5,  Doğalgaz (Kombi),  1,  Yok,  Hayır,  Kiracılı,  Hayır,  Belirtilmemiş,  Belirtilmemiş,  Evet,  Kat Mülkiyetli,  Emlak Ofisinden,  Hayır,  Evet ,Kestel,250.000
947317611,  19 Ağustos 2021,  Satılık Daire ,280.0,250.0,  5+2,  4,  3,  3,  Doğalgaz (Kombi),  3,  Var,  Hayır,  Mülk Sahibi,  Hayır,  Belirtilmemiş,  Belirtilmemiş,  Evet,  Kat Mülkiyetli,  Emlak Ofisinden,  Hayır,  Hayır ,Kestel,680.000
948147531,  22 Ağustos 2021,  Satılık Daire ,100.0,90.0,  2+1,  0,  Yüksek Giriş,  4,  Doğalgaz (Kombi),  1,  Var,  Hayır,  Boş,  Hayır,  Belirtilmemiş,  Belirtilmemiş,  Belirtilmemiş,  Kat İrtifaklı,  Emlak Ofisinden,  Hayır,  Hayır ,Kestel,330.000
947072853,  18 Ağustos 2021,  Satılık Daire ,95.0,88.0,  2+1,  5-10 arası,  8,  11,  Merkezi,  1,  Var,  Hayır,  Kiracılı,  Evet,  TOKİ Kestel Konutları,  110,  Evet,  Belirtilmemiş,  Sahibinden,  Hayır,  Hayır ,Kestel,325.000
947051394,  18 Ağustos 2021,  Satılık Daire ,160.0,130.0,  3+1,  4,  2,  4,  Doğalgaz (Kombi),  1,  Var,  Hayır,  Boş,  Hayır,  Belirtilmemiş,  50,  Hayır,  Kat Mülkiyetli,  Sahibinden,  Hayır,  Hayır ,Kestel,720.000
946956626,  18 Ağustos 2021,  Satılık Daire ,105.0,100.0,  2+1,  3,  Yüksek Giriş,  3,  Doğalgaz (Kombi),  1,  Var,  Hayır,  Mülk Sahibi,  Evet,  Belirtilmemiş,  50,  Belirtilmemiş,  Belirtilmemiş,  Sahibinden,  Hayır,  Hayır ,Kestel,475.000
947634027,  20 Ağustos 2021,  Satılık Daire ,130.0,120.0,  3+1,  4,  3,  4,  Doğalgaz (Kombi),  1,  Var,  Hayır,  Mülk Sahibi,  Hayır,  Belirtilmemiş,  Belirtilmemiş,  Evet,  Kat Mülkiyetli,  Emlak Ofisinden,  Hayır,  Hayır ,Kestel,435.000
946880940,  17 Ağustos 2021,  Satılık Villa ,120.0,90.0,  2+1,  11-15 arası,  2,  Doğalgaz (Kombi),  1,  Hayır,  Mülk Sahibi,  Evet,  Belirtilmemiş,  Belirtilmemiş,  Evet,  Belirtilmemiş,  Emlak Ofisinden,  Evet,  Hayır ,Kestel,900.000,,
939107879,  18 Ağustos 2021,  Satılık Daire ,135.0,115.0,  3+1,  4,  Giriş Katı,  4,  Doğalgaz (Kombi),  1,  Var,  Hayır,  Boş,  Hayır,  Belirtilmemiş,  Belirtilmemiş,  Evet,  Belirtilmemiş,  Emlak Ofisinden,  Hayır,  Hayır ,Kestel,329.000
882947627,  17 Ağustos 2021,  Satılık Çiftlik Evi ,432.0,340.0,  1.234,  7,  3,  20,  4,  Kat Kaloriferi,  Betonarme,  5,  Var,  İkinci El,  Boş,  Kat İrtifaklı,  Var,  Evet,  Emlak Ofisinden,  Evet,  Evet ,Kestel,1.750.000
947093990,  18 Ağustos 2021,  Satılık Daire ,125.0,110.0,  3+1,  0,  2,  4,  Doğalgaz (Kombi),  1,  Var,  Hayır,  Boş,  Hayır,  Belirtilmemiş,  Belirtilmemiş,  Evet,  Belirtilmemiş,  İnşaat Firmasından,  Evet,  Evet ,Kestel,465.000
947090387,  18 Ağustos 2021,  Satılık Daire ,130.0,115.0,  3+1,  0,  2,  4,  Doğalgaz (Kombi),  1,  Var,  Hayır,  Boş,  Hayır,  Belirtilmemiş,  Belirtilmemiş,  Evet,  Kat Mülkiyetli,  Emlak Ofisinden,  Evet,  Hayır ,Kestel,475.000
946565244,  17 Ağustos 2021,  Satılık Daire ,120.0,105.0,  3+1,  5-10 arası,  3,  3,  Doğalgaz (Kombi),  1,  Var,  Belirtilmemiş,  Mülk Sahibi,  Evet,  Mert Sitesi,  50,  Evet,  Kat Mülkiyetli,  Sahibinden,  Hayır,  Hayır ,Kestel,410.000
946583611,  16 Ağustos 2021,  Satılık Müstakil Ev ,396.0,145.0,  5+1,  26-30 arası,  2,  Doğalgaz Sobası,  1,  Var,  Hayır,  Mülk Sahibi,  Hayır,  Belirtilmemiş,  0,  Evet,  Belirtilmemiş,  Emlak Ofisinden,  Hayır,  Evet ,Kestel,850.000,
920282666,  16 Ağustos 2021,  Satılık Daire ,290.0,260.0,  5+1,  4,  3,  3,  Doğalgaz (Kombi),  4,  Var,  Hayır,  Boş,  Hayır,  Belirtilmemiş,  Belirtilmemiş,  Evet,  Belirtilmemiş,  Emlak Ofisinden,  Evet,  Hayır ,Kestel,610.000
946519054,  16 Ağustos 2021,  Satılık Daire ,85.0,75.0,  1+1,  26-30 arası,  2,  4,  Doğalgaz Sobası,  1,  Var,  Hayır,  Boş,  Hayır,  Belirtilmemiş,  Belirtilmemiş,  Evet,  Belirtilmemiş,  Sahibinden,  Hayır,  Hayır ,Kestel,168.000
938360511,  16 Ağustos 2021,  Satılık Daire ,165.0,150.0,  3+1,  0,  1,  6,  Doğalgaz (Kombi),  1,  Var,  Hayır,  Boş,  Hayır,  Belirtilmemiş,  Belirtilmemiş,  Evet,  Belirtilmemiş,  Emlak Ofisinden,  Evet,  Hayır ,Kestel,690.000
946458186,  16 Ağustos 2021,  Satılık Müstakil Ev ,208.0,150.0,  3.5+1,  26-30 arası,  3,  Doğalgaz (Kombi),  1,  Var,  Hayır,  Boş,  Hayır,  Belirtilmemiş,  0,  Belirtilmemiş,  Belirtilmemiş,  Emlak Ofisinden,  Hayır,  Hayır ,Kestel,1.500.000,
946458315,  16 Ağustos 2021,  Satılık Daire ,72.0,60.0,  2+1,  21-25 arası,  Giriş Katı,  4,  Doğalgaz (Kombi),  1,  Var,  Hayır,  Mülk Sahibi,  Evet,  Belirtilmemiş,  0,  Evet,  Belirtilmemiş,  Emlak Ofisinden,  Evet,  Evet ,Kestel,245.000
946441844,  16 Ağustos 2021,  Satılık Villa ,330.0,300.0,  6+1,  16-20 arası,  3,  Doğalgaz (Kombi),  2,  Hayır,  Mülk Sahibi,  Hayır,  Belirtilmemiş,  Belirtilmemiş,  Hayır,  Belirtilmemiş,  Emlak Ofisinden,  Hayır,  Hayır ,Kestel,1.250.000,,
946415224,  16 Ağustos 2021,  Satılık Daire ,230.0,200.0,  4+1,  2,  4,  4,  Doğalgaz (Kombi),  2,  Var,  Hayır,  Mülk Sahibi,  Hayır,  Belirtilmemiş,  Belirtilmemiş,  Evet,  Belirtilmemiş,  Emlak Ofisinden,  Hayır,  Evet ,Kestel,750.000
946929155,  17 Ağustos 2021,  Satılık Daire ,140.0,127.0,  3+1,  5-10 arası,  Giriş Katı,  4,  Doğalgaz (Kombi),  1,  Var,  Hayır,  Mülk Sahibi,  Hayır,  Belirtilmemiş,  Belirtilmemiş,  Evet,  Belirtilmemiş,  Emlak Ofisinden,  Hayır,  Hayır ,Kestel,395.000
931635149,  15 Ağustos 2021,  Satılık Daire ,210.0,170.0,  4+1,  0,  3,  3,  Doğalgaz (Kombi),  1,  Var,  Hayır,  Boş,  Hayır,  Belirtilmemiş,  0,  Evet,  Belirtilmemiş,  Emlak Ofisinden,  Hayır,  Hayır ,Kestel,570.000
946870125,  17 Ağustos 2021,  Satılık Daire ,120.0,90.0,  2+1,  0,  4,  4,  Doğalgaz (Kombi),  1,  Var,  Hayır,  Boş,  Hayır,  Belirtilmemiş,  Belirtilmemiş,  Evet,  Belirtilmemiş,  Emlak Ofisinden,  Evet,  Evet ,Kestel,365.000
938685518,  15 Ağustos 2021,  Satılık Daire ,80.0,75.0,  2+1,  26-30 arası,  5,  5,  Doğalgaz (Kombi),  1,  Var,  Evet,  Boş,  Hayır,  Belirtilmemiş,  Belirtilmemiş,  Evet,  Kat Mülkiyetli,  Emlak Ofisinden,  Hayır,  Hayır ,Kestel,240.000
890912318,  16 Ağustos 2021,  Satılık Daire ,195.0,170.0,  4+1,  0,  4,  4,  Doğalgaz (Kombi),  2,  Var,  Hayır,  Boş,  Hayır,  Belirtilmemiş,  Belirtilmemiş,  Evet,  Kat İrtifaklı,  Emlak Ofisinden,  Evet,  Hayır ,Kestel,650.000
946131373,  15 Ağustos 2021,  Satılık Daire ,200.0,175.0,  4+1,  3,  5,  5,  Doğalgaz (Kombi),  1,  Var,  Hayır,  Mülk Sahibi,  Hayır,  Belirtilmemiş,  0,  Evet,  Kat Mülkiyetli,  Emlak Ofisinden,  Hayır,  Hayır ,Kestel,550.000
946764950,  17 Ağustos 2021,  Satılık Daire ,270.0,240.0,  5+1,  3,  3,  4,  Doğalgaz (Kombi),  4,  Var,  Hayır,  Boş,  Hayır,  Belirtilmemiş,  Belirtilmemiş,  Evet,  Belirtilmemiş,  Emlak Ofisinden,  Hayır,  Hayır ,Kestel,699.000
894494174,  15 Ağustos 2021,  Satılık Daire ,72.0,65.0,  3+1,  4,  Bodrum Kat,  2,  Doğalgaz (Kombi),  1,  Yok,  Hayır,  Mülk Sahibi,  Hayır,  Belirtilmemiş,  Belirtilmemiş,  Evet,  Belirtilmemiş,  Emlak Ofisinden,  Hayır,  Hayır ,Kestel,136.500
929114040,  17 Ağustos 2021,  Satılık Daire ,100.0,90.0,  2+1,  16-20 arası,  Yüksek Giriş,  4,  Doğalgaz Sobası,  1,  Var,  Hayır,  Mülk Sahibi,  Hayır,  Belirtilmemiş,  20,  Evet,  Belirtilmemiş,  Emlak Ofisinden,  Hayır,  Hayır ,Kestel,270.000
946368624,  16 Ağustos 2021,  Satılık Daire ,250.0,220.0,  5+1,  5-10 arası,  Çatı Katı,  5,  Doğalgaz (Kombi),  2,  Var,  Hayır,  Mülk Sahibi,  Hayır,  Belirtilmemiş,  Belirtilmemiş,  Belirtilmemiş,  Belirtilmemiş,  Emlak Ofisinden,  Hayır,  Hayır ,Kestel,950.000
938670873,  15 Ağustos 2021,  Satılık Daire ,280.0,270.0,  5+1,  4,  Çatı Katı,  5,  Doğalgaz (Kombi),  3,  Var,  Hayır,  Mülk Sahibi,  Evet,  Belirtilmemiş,  Belirtilmemiş,  Evet,  Belirtilmemiş,  Emlak Ofisinden,  Hayır,  Hayır ,Kestel,880.000
931639481,  15 Ağustos 2021,  Satılık Daire ,185.0,160.0,  4+1,  0,  5,  5,  Doğalgaz (Kombi),  2,  Var,  Hayır,  Boş,  Hayır,  Belirtilmemiş,  Belirtilmemiş,  Evet,  Belirtilmemiş,  Emlak Ofisinden,  Hayır,  Hayır ,Kestel,550.000
946504490,  16 Ağustos 2021,  Satılık Daire ,240.0,230.0,  4+1,  26-30 arası,  4,  4,  Doğalgaz (Kombi),  2,  Var,  Evet,  Mülk Sahibi,  Hayır,  Belirtilmemiş,  20,  Evet,  Belirtilmemiş,  Emlak Ofisinden,  Hayır,  Hayır ,Kestel,315.000
938428503,  14 Ağustos 2021,  Satılık Villa ,1.0,1.0,  8+1,  11-15 arası,  4,  Kat Kaloriferi,  2,  Hayır,  Boş,  Hayır,  Belirtilmemiş,  Belirtilmemiş,  Evet,  Belirtilmemiş,  Emlak Ofisinden,  Hayır,  Evet ,Kestel,4.300.000,,
580575508,  14 Ağustos 2021,  Satılık Daire ,220.0,160.0,  3+1,  1,  Çatı Katı,  2,  Doğalgaz (Kombi),  2,  Var,  Hayır,  Boş,  Hayır,  Belirtilmemiş,  Belirtilmemiş,  Evet,  Belirtilmemiş,  Emlak Ofisinden,  Evet,  Evet ,Kestel,650.000
890927852,  16 Ağustos 2021,  Satılık Daire ,160.0,140.0,  3+1,  0,  1,  4,  Doğalgaz (Kombi),  1,  Var,  Hayır,  Boş,  Hayır,  Belirtilmemiş,  Belirtilmemiş,  Evet,  Kat İrtifaklı,  Emlak Ofisinden,  Evet,  Hayır ,Kestel,545.000
946593171,  16 Ağustos 2021,  Satılık Daire ,145.0,135.0,  3+1,  5-10 arası,  2,  4,  Doğalgaz (Kombi),  1,  Var,  Hayır,  Mülk Sahibi,  Hayır,  Belirtilmemiş,  Belirtilmemiş,  Evet,  Belirtilmemiş,  Emlak Ofisinden,  Hayır,  Hayır ,Kestel,565.000
935499616,  13 Ağustos 2021,  Satılık Daire ,135.0,120.0,  2+1,  16-20 arası,  1,  4,  Doğalgaz (Kombi),  1,  Var,  Hayır,  Kiracılı,  Hayır,  Belirtilmemiş,  Belirtilmemiş,  Evet,  Kat Mülkiyetli,  Emlak Ofisinden,  Hayır,  Hayır ,Kestel,315.000
921683032,  13 Ağustos 2021,  Satılık Daire ,240.0,220.0,  4+1,  2,  4,  4,  Doğalgaz (Kombi),  1,  Var,  Hayır,  Kiracılı,  Hayır,  Belirtilmemiş,  Belirtilmemiş,  Evet,  Belirtilmemiş,  Emlak Ofisinden,  Evet,  Hayır ,Kestel,655.000
890932558,  16 Ağustos 2021,  Satılık Daire ,125.0,115.0,  2+1,  0,  3,  4,  Doğalgaz (Kombi),  1,  Var,  Hayır,  Boş,  Hayır,  Belirtilmemiş,  Belirtilmemiş,  Evet,  Kat İrtifaklı,  Emlak Ofisinden,  Evet,  Hayır ,Kestel,470.000
946106614,  15 Ağustos 2021,  Satılık Daire ,100.0,90.0,  2+1,  21-25 arası,  2,  3,  Doğalgaz (Kombi),  1,  Var,  Hayır,  Kiracılı,  Hayır,  Belirtilmemiş,  Belirtilmemiş,  Belirtilmemiş,  Belirtilmemiş,  Emlak Ofisinden,  Hayır,  Evet ,Kestel,202.000
931179778,  13 Ağustos 2021,  Satılık Daire ,140.0,125.0,  3+1,  5-10 arası,  3,  5,  Yok,  1,  Var,  Hayır,  Boş,  Evet,  Özgünsu Sitesi,  Belirtilmemiş,  Evet,  Kat Mülkiyetli,  Emlak Ofisinden,  Evet,  Hayır ,Kestel,402.000
947369461,  19 Ağustos 2021,  Satılık Daire ,310.0,260.0,  7+2,  4,  Giriş Katı,  4,  Doğalgaz (Kombi),  2,  Var,  Hayır,  Boş,  Hayır,  Belirtilmemiş,  Belirtilmemiş,  Evet,  Kat Mülkiyetli,  Emlak Ofisinden,  Evet,  Evet ,Kestel,750.000
945432608,  13 Ağustos 2021,  Satılık Çiftlik Evi ,220.0,160.0,  650,  4,  2,  8,  2,  Soba,  Betonarme,  2,  Var,  İkinci El,  Mülk Sahibi Oturuyor,  Kat Mülkiyetli,  Var,  Evet,  Emlak Ofisinden,  Hayır,  Hayır ,Kestel,1.800.000
938132387,  13 Ağustos 2021,  Satılık Müstakil Ev ,70.0,60.0,  1+1,  4,  1,  Soba,  1,  Var,  Hayır,  Mülk Sahibi,  Hayır,  Belirtilmemiş,  Belirtilmemiş,  Evet,  Belirtilmemiş,  Emlak Ofisinden,  Hayır,  Hayır ,Kestel,1.300.000,
945287321,  12 Ağustos 2021,  Satılık Daire ,200.0,180.0,  4+1,  0,  Villa Tipi,  4,  Doğalgaz (Kombi),  2,  Var,  Hayır,  Boş,  Hayır,  Belirtilmemiş,  Belirtilmemiş,  Evet,  Kat Mülkiyetli,  Emlak Ofisinden,  Hayır,  Hayır ,Kestel,540.000
945927369,  14 Ağustos 2021,  Satılık Daire ,145.0,130.0,  3+1,  0,  Zemin Kat,  4,  Doğalgaz (Kombi),  2,  Var,  Belirtilmemiş,  Boş,  Hayır,  Belirtilmemiş,  Belirtilmemiş,  Evet,  Belirtilmemiş,  Emlak Ofisinden,  Hayır,  Evet ,Kestel,460.000
945174775,  12 Ağustos 2021,  Satılık Müstakil Ev ,630.0,330.0,  9+5,  16-20 arası,  3,  Soba,  4,  Var,  Hayır,  Mülk Sahibi,  Hayır,  Belirtilmemiş,  Belirtilmemiş,  Evet,  Belirtilmemiş,  Emlak Ofisinden,  Evet,  Hayır ,Kestel,1.950.000,
931281339,  12 Ağustos 2021,  Satılık Daire ,140.0,125.0,  3+1,  5-10 arası,  Giriş Altı Kot 4,  5,  Doğalgaz (Kombi),  1,  Var,  Hayır,  Mülk Sahibi,  Hayır,  Belirtilmemiş,  30,  Evet,  Kat Mülkiyetli,  Sahibinden,  Hayır,  Hayır ,Kestel,515.000
937438250,  16 Ağustos 2021,  Satılık Daire ,100.0,85.0,  2+1,  4,  2,  4,  Doğalgaz (Kombi),  1,  Var,  Hayır,  Boş,  Hayır,  Belirtilmemiş,  Belirtilmemiş,  Evet,  Belirtilmemiş,  Emlak Ofisinden,  Hayır,  Hayır ,Kestel,340.000
945482740,  13 Ağustos 2021,  Satılık Daire ,80.0,70.0,  2+1,  21-25 arası,  5,  5,  Doğalgaz (Kombi),  1,  Var,  Hayır,  Mülk Sahibi,  Hayır,  Belirtilmemiş,  0,  Evet,  Kat Mülkiyetli,  Emlak Ofisinden,  Hayır,  Hayır ,Kestel,199.500
945108735,  12 Ağustos 2021,  Satılık Villa ,300.0,300.0,  5+1,  26-30 arası,  3,  Doğalgaz (Kombi),  2,  Hayır,  Boş,  Hayır,  Belirtilmemiş,  Belirtilmemiş,  Evet,  Belirtilmemiş,  Emlak Ofisinden,  Hayır,  Evet ,Kestel,1.050.000,,
931872637,  16 Ağustos 2021,  Satılık Daire ,100.0,90.0,  2+1,  11-15 arası,  Giriş Katı,  4,  Doğalgaz (Kombi),  1,  Var,  Hayır,  Kiracılı,  Evet,  Belirtilmemiş,  25,  Evet,  Belirtilmemiş,  Emlak Ofisinden,  Evet,  Hayır ,Kestel,265.000
937351574,  12 Ağustos 2021,  Satılık Daire ,100.0,90.0,  2+1,  11-15 arası,  2,  5,  Doğalgaz (Kombi),  1,  Var,  Hayır,  Boş,  Hayır,  Belirtilmemiş,  Belirtilmemiş,  Evet,  Belirtilmemiş,  Emlak Ofisinden,  Hayır,  Hayır ,Kestel,318.000
945641660,  13 Ağustos 2021,  Satılık Daire ,148.0,130.0,  3+1,  0,  2,  3,  Doğalgaz (Kombi),  2,  Var,  Hayır,  Boş,  Hayır,  Belirtilmemiş,  Belirtilmemiş,  Evet,  Kat Mülkiyetli,  Emlak Ofisinden,  Evet,  Hayır ,Kestel,510.000
945952107,  14 Ağustos 2021,  Satılık Daire ,132.0,132.0,  3+1,  0,  Giriş Katı,  4,  Doğalgaz (Kombi),  2,  Var,  Hayır,  Boş,  Hayır,  Belirtilmemiş,  100,  Evet,  Belirtilmemiş,  İnşaat Firmasından,  Evet,  Evet ,Kestel,600.000
945239082,  12 Ağustos 2021,  Satılık Daire ,230.0,200.0,  4+1,  2,  4,  4,  Doğalgaz (Kombi),  2,  Var,  Hayır,  Mülk Sahibi,  Hayır,  Belirtilmemiş,  0,  Evet,  Bilinmiyor,  Emlak Ofisinden,  Evet,  Evet ,Kestel,730.000
946532551,  16 Ağustos 2021,  Satılık Daire ,100.0,90.0,  2+1,  3,  Giriş Katı,  4,  Doğalgaz (Kombi),  1,  Var,  Hayır,  Mülk Sahibi,  Hayır,  Belirtilmemiş,  0,  Evet,  Belirtilmemiş,  Emlak Ofisinden,  Evet,  Hayır ,Kestel,342.000
945893551,  14 Ağustos 2021,  Satılık Daire ,140.0,130.0,  3+1,  2,  4,  4,  Doğalgaz (Kombi),  1,  Var,  Hayır,  Mülk Sahibi,  Hayır,  Belirtilmemiş,  50,  Evet,  Belirtilmemiş,  Emlak Ofisinden,  Hayır,  Hayır ,Kestel,565.000
945892430,  14 Ağustos 2021,  Satılık Daire ,145.0,130.0,  3+1,  0,  Giriş Katı,  4,  Doğalgaz (Kombi),  2,  Var,  Belirtilmemiş,  Boş,  Hayır,  Belirtilmemiş,  Belirtilmemiş,  Evet,  Belirtilmemiş,  Emlak Ofisinden,  Hayır,  Evet ,Kestel,460.000
944841330,  11 Ağustos 2021,  Satılık Daire ,155.0,145.0,  3+1,  5-10 arası,  2,  5,  Doğalgaz (Kombi),  1,  Var,  Hayır,  Mülk Sahibi,  Hayır,  Belirtilmemiş,  Belirtilmemiş,  Evet,  Belirtilmemiş,  Emlak Ofisinden,  Hayır,  Hayır ,Kestel,465.000
946135783,  15 Ağustos 2021,  Satılık Daire ,140.0,130.0,  2+1,  0,  4,  4,  Doğalgaz (Kombi),  1,  Var,  Hayır,  Boş,  Hayır,  Belirtilmemiş,  0,  Evet,  Belirtilmemiş,  Emlak Ofisinden,  Evet,  Hayır ,Kestel,415.000
945112886,  12 Ağustos 2021,  Satılık Daire ,135.0,120.0,  3+1,  4,  Bahçe Katı,  4,  Doğalgaz (Kombi),  1,  Var,  Hayır,  Kiracılı,  Hayır,  Belirtilmemiş,  Belirtilmemiş,  Evet,  Kat Mülkiyetli,  Emlak Ofisinden,  Evet,  Hayır ,Kestel,335.000
944638774,  11 Ağustos 2021,  Satılık Daire ,360.0,320.0,  7+1,  3,  4,  5,  Doğalgaz (Kombi),  2,  Var,  Belirtilmemiş,  Mülk Sahibi,  Hayır,  Belirtilmemiş,  50,  Evet,  Kat Mülkiyetli,  Sahibinden,  Hayır,  Hayır ,Kestel,851.000
865559307,  10 Ağustos 2021,  Satılık Daire ,711.0,711.0,  9+1,  5-10 arası,  Villa Tipi,  3,  Şömine,  4,  Var,  Hayır,  Boş,  Hayır,  Belirtilmemiş,  Belirtilmemiş,  Evet,  Belirtilmemiş,  Emlak Ofisinden,  Evet,  Evet ,Kestel,1.550.000
945889532,  14 Ağustos 2021,  Satılık Daire ,140.0,130.0,  3+1,  0,  3,  4,  Doğalgaz (Kombi),  2,  Var,  Belirtilmemiş,  Boş,  Hayır,  Belirtilmemiş,  Belirtilmemiş,  Evet,  Belirtilmemiş,  Emlak Ofisinden,  Hayır,  Evet ,Kestel,535.000
944532687,  10 Ağustos 2021,  Satılık Müstakil Ev ,665.0,220.0,  3+1,  4,  3,  Soba,  1,  Var,  Hayır,  Mülk Sahibi,  Hayır,  Belirtilmemiş,  Belirtilmemiş,  Hayır,  Belirtilmemiş,  Emlak Ofisinden,  Evet,  Evet ,Kestel,3.000.000,
944519259,  10 Ağustos 2021,  Satılık Villa ,180.0,150.0,  4+2,  5-10 arası,  2,  Güneş Enerjisi,  2,  Hayır,  Mülk Sahibi,  Hayır,  Belirtilmemiş,  Belirtilmemiş,  Evet,  Kat Mülkiyetli,  Sahibinden,  Evet,  Hayır ,Kestel,1.720.000,,
930605059,  10 Ağustos 2021,  Satılık Villa ,400.0,330.0,  6+1,  11-15 arası,  4,  Yerden Isıtma,  3,  Hayır,  Mülk Sahibi,  Hayır,  Belirtilmemiş,  Belirtilmemiş,  Evet,  Belirtilmemiş,  Emlak Ofisinden,  Hayır,  Hayır ,Kestel,1.350.000,,
937989382,  14 Ağustos 2021,  Satılık Daire ,250.0,240.0,  5+1,  5-10 arası,  3,  3,  Doğalgaz (Kombi),  2,  Var,  Belirtilmemiş,  Boş,  Hayır,  Belirtilmemiş,  Belirtilmemiş,  Evet,  Belirtilmemiş,  Emlak Ofisinden,  Hayır,  Evet ,Kestel,670.000
945285500,  13 Ağustos 2021,  Satılık Daire ,140.0,135.0,  3+1,  5-10 arası,  4,  4,  Doğalgaz (Kombi),  1,  Var,  Hayır,  Kiracılı,  Hayır,  Belirtilmemiş,  Belirtilmemiş,  Evet,  Belirtilmemiş,  Emlak Ofisinden,  Hayır,  Hayır ,Kestel,370.000
945106767,  12 Ağustos 2021,  Satılık Daire ,135.0,115.0,  3+1,  0,  2,  4,  Doğalgaz (Kombi),  1,  Var,  Evet,  Boş,  Hayır,  Belirtilmemiş,  Belirtilmemiş,  Evet,  Belirtilmemiş,  Emlak Ofisinden,  Evet,  Hayır ,Kestel,485.000
945322315,  13 Ağustos 2021,  Satılık Daire ,110.0,95.0,  2+1,  0,  3,  3,  Doğalgaz (Kombi),  1,  Var,  Hayır,  Boş,  Hayır,  Belirtilmemiş,  Belirtilmemiş,  Evet,  Belirtilmemiş,  Emlak Ofisinden,  Evet,  Hayır ,Kestel,380.000
913572959,  10 Ağustos 2021,  Satılık Daire ,110.0,100.0,  3+1,  11-15 arası,  2,  5,  Doğalgaz (Kombi),  1,  Var,  Hayır,  Boş,  Evet,  Belirtilmemiş,  0,  Evet,  Belirtilmemiş,  Emlak Ofisinden,  Evet,  Hayır ,Kestel,288.000
944979631,  11 Ağustos 2021,  Satılık Daire ,101.0,101.0,  2+1,  0,  2,  3,  Doğalgaz (Kombi),  1,  Var,  Hayır,  Kiracılı,  Hayır,  Belirtilmemiş,  50,  Evet,  Belirtilmemiş,  İnşaat Firmasından,  Evet,  Evet ,Kestel,415.000
919599186,  09 Ağustos 2021,  Satılık Daire ,315.0,290.0,  6+2,  4,  3,  3,  Doğalgaz (Kombi),  3,  Var,  Evet,  Mülk Sahibi,  Hayır,  Belirtilmemiş,  50,  Evet,  Belirtilmemiş,  Sahibinden,  Evet,  Evet ,Kestel,685.000
944269285,  09 Ağustos 2021,  Satılık Daire ,100.0,90.0,  2+1,  3,  2,  3,  Doğalgaz (Kombi),  1,  Var,  Hayır,  Boş,  Hayır,  Belirtilmemiş,  Belirtilmemiş,  Evet,  Belirtilmemiş,  Emlak Ofisinden,  Hayır,  Hayır ,Kestel,380.000
936040159,  11 Ağustos 2021,  Satılık Daire ,138.0,125.0,  3+1,  0,  Giriş Katı,  4,  Doğalgaz (Kombi),  2,  Var,  Hayır,  Boş,  Evet,  Belirtilmemiş,  Belirtilmemiş,  Evet,  Belirtilmemiş,  Emlak Ofisinden,  Evet,  Hayır ,Kestel,440.000
944235935,  09 Ağustos 2021,  Satılık Daire ,100.0,85.0,  2+1,  4,  2,  4,  Doğalgaz (Kombi),  1,  Var,  Hayır,  Mülk Sahibi,  Hayır,  Belirtilmemiş,  Belirtilmemiş,  Hayır,  Belirtilmemiş,  Emlak Ofisinden,  Hayır,  Hayır ,Kestel,385.000
937580412,  10 Ağustos 2021,  Satılık Daire ,145.0,135.0,  3+1,  26-30 arası,  3,  3,  Doğalgaz (Kombi),  1,  Var,  Hayır,  Boş,  Hayır,  Belirtilmemiş,  Belirtilmemiş,  Evet,  Kat Mülkiyetli,  Emlak Ofisinden,  Hayır,  Hayır ,Kestel,345.000
927031300,  09 Ağustos 2021,  Satılık Daire ,98.0,90.0,  2+1,  21-25 arası,  3,  4,  Doğalgaz Sobası,  1,  Var,  Hayır,  Kiracılı,  Hayır,  Belirtilmemiş,  0,  Evet,  Belirtilmemiş,  Emlak Ofisinden,  Hayır,  Hayır ,Kestel,252.000
944859321,  11 Ağustos 2021,  Satılık Daire ,215.0,200.0,  5+1,  5-10 arası,  Çatı Katı,  5,  Doğalgaz (Kombi),  2,  Var,  Hayır,  Mülk Sahibi,  Hayır,  Belirtilmemiş,  Belirtilmemiş,  Evet,  Kat Mülkiyetli,  Emlak Ofisinden,  Hayır,  Hayır ,Kestel,675.000
944172483,  09 Ağustos 2021,  Satılık Daire ,85.0,85.0,  2+1,  5-10 arası,  3,  11,  Doğalgaz (Kombi),  1,  Var,  Hayır,  Boş,  Evet,  TOKİ Kestel Konutları,  100,  Evet,  Kat Mülkiyetli,  Sahibinden,  Hayır,  Hayır ,Kestel,310.000
946134568,  15 Ağustos 2021,  Satılık Daire ,100.0,90.0,  2+1,  0,  Giriş Katı,  4,  Doğalgaz (Kombi),  1,  Var,  Hayır,  Boş,  Hayır,  Belirtilmemiş,  0,  Evet,  Belirtilmemiş,  Emlak Ofisinden,  Evet,  Hayır ,Kestel,350.000
946438398,  16 Ağustos 2021,  Satılık Daire ,125.0,115.0,  2+1,  0,  1,  4,  Doğalgaz (Kombi),  2,  Var,  Hayır,  Boş,  Evet,  Belirtilmemiş,  Belirtilmemiş,  Evet,  Kat Mülkiyetli,  Emlak Ofisinden,  Evet,  Hayır ,Kestel,450.000
945799637,  14 Ağustos 2021,  Satılık Daire ,120.0,100.0,  3+1,  3,  Yüksek Giriş,  3,  Doğalgaz (Kombi),  1,  Var,  Hayır,  Kiracılı,  Hayır,  Belirtilmemiş,  Belirtilmemiş,  Evet,  Belirtilmemiş,  Emlak Ofisinden,  Hayır,  Hayır ,Kestel,410.000
945465866,  13 Ağustos 2021,  Satılık Daire ,145.0,140.0,  3+1,  4,  3,  3,  Doğalgaz (Kombi),  1,  Var,  Hayır,  Boş,  Hayır,  Belirtilmemiş,  50,  Evet,  Belirtilmemiş,  Emlak Ofisinden,  Hayır,  Hayır ,Kestel,450.000
937121584,  09 Ağustos 2021,  Satılık Villa ,817.0,120.0,  3+1,  0,  2,  Merkezi,  2,  Hayır,  Boş,  Hayır,  Belirtilmemiş,  Belirtilmemiş,  Evet,  Belirtilmemiş,  İnşaat Firmasından,  Hayır,  Evet ,Kestel,2.250.000,,
945278425,  12 Ağustos 2021,  Satılık Daire ,125.0,120.0,  3+1,  21-25 arası,  Yüksek Giriş,  4,  Doğalgaz (Kombi),  1,  Var,  Hayır,  Mülk Sahibi,  Hayır,  Belirtilmemiş,  0,  Hayır,  Belirtilmemiş,  Emlak Ofisinden,  Hayır,  Hayır ,Kestel,320.000
937563949,  10 Ağustos 2021,  Satılık Daire ,125.0,115.0,  3+1,  2,  Giriş Katı,  5,  Doğalgaz (Kombi),  1,  Var,  Hayır,  Boş,  Evet,  Belirtilmemiş,  110,  Evet,  Kat Mülkiyetli,  Emlak Ofisinden,  Hayır,  Hayır ,Kestel,490.000
924516961,  08 Ağustos 2021,  Satılık Daire ,67.0,60.0,  1+1,  0,  Zemin Kat,  1,  Şömine,  1,  Yok,  Evet,  Boş,  Evet,  Belirtilmemiş,  Belirtilmemiş,  Hayır,  Kat Mülkiyetli,  İnşaat Firmasından,  Hayır,  Hayır ,Kestel,550.000
937098826,  08 Ağustos 2021,  Satılık Daire ,100.0,90.0,  2+1,  0,  2,  3,  Doğalgaz (Kombi),  1,  Var,  Hayır,  Boş,  Hayır,  Belirtilmemiş,  0,  Evet,  Belirtilmemiş,  Emlak Ofisinden,  Hayır,  Hayır ,Kestel,375.000
946118878,  15 Ağustos 2021,  Satılık Daire ,135.0,125.0,  3+1,  0,  Giriş Katı,  4,  Doğalgaz (Kombi),  2,  Var,  Hayır,  Boş,  Hayır,  Belirtilmemiş,  0,  Evet,  Kat Mülkiyetli,  Emlak Ofisinden,  Evet,  Hayır ,Kestel,440.000
945799637,  14 Ağustos 2021,  Satılık Daire ,120.0,100.0,  3+1,  3,  Yüksek Giriş,  3,  Doğalgaz (Kombi),  1,  Var,  Hayır,  Kiracılı,  Hayır,  Belirtilmemiş,  Belirtilmemiş,  Evet,  Belirtilmemiş,  Emlak Ofisinden,  Hayır,  Hayır ,Kestel,410.000
944028617,  07 Ağustos 2021,  Satılık Daire ,100.0,90.0,  2+1,  0,  1,  4,  Doğalgaz (Kombi),  1,  Var,  Hayır,  Boş,  Hayır,  Belirtilmemiş,  Belirtilmemiş,  Belirtilmemiş,  Belirtilmemiş,  İnşaat Firmasından,  Evet,  Evet ,Kestel,265.000
944028689,  07 Ağustos 2021,  Satılık Villa ,780.0,780.0,  2+1,  11-15 arası,  1,  Doğalgaz (Kombi),  1,  Hayır,  Boş,  Hayır,  Belirtilmemiş,  Belirtilmemiş,  Evet,  Belirtilmemiş,  Emlak Ofisinden,  Evet,  Hayır ,Kestel,1.300.000,,
924645140,  09 Ağustos 2021,  Satılık Daire ,170.0,140.0,  3+1,  0,  Giriş Altı Kot 4,  6,  Doğalgaz (Kombi),  2,  Var,  Hayır,  Boş,  Hayır,  Belirtilmemiş,  Belirtilmemiş,  Evet,  Belirtilmemiş,  İnşaat Firmasından,  Hayır,  Hayır ,Kestel,500.000
559231077,  07 Ağustos 2021,  Satılık Villa ,390.0,320.0,  5+1,  0,  3,  Yerden Isıtma,  2,  Hayır,  Boş,  Hayır,  Belirtilmemiş,  Belirtilmemiş,  Evet,  Kat Mülkiyetli,  İnşaat Firmasından,  Hayır,  Hayır ,Kestel,2.650.000,,
946191707,  15 Ağustos 2021,  Satılık Daire ,135.0,125.0,  3+1,  0,  Giriş Katı,  4,  Doğalgaz (Kombi),  2,  Var,  Hayır,  Boş,  Hayır,  Belirtilmemiş,  Belirtilmemiş,  Evet,  Belirtilmemiş,  Emlak Ofisinden,  Evet,  Hayır ,Kestel,439.000
945228908,  12 Ağustos 2021,  Satılık Daire ,230.0,200.0,  5+1,  4,  3,  3,  Doğalgaz (Kombi),  2,  Var,  Hayır,  Kiracılı,  Hayır,  Belirtilmemiş,  Belirtilmemiş,  Evet,  Belirtilmemiş,  Emlak Ofisinden,  Hayır,  Hayır ,Kestel,565.000
903196332,  09 Ağustos 2021,  Satılık Daire ,120.0,110.0,  3+1,  16-20 arası,  Müstakil,  3,  Doğalgaz (Kombi),  1,  Var,  Hayır,  Mülk Sahibi,  Hayır,  Belirtilmemiş,  Belirtilmemiş,  Evet,  Belirtilmemiş,  Emlak Ofisinden,  Hayır,  Hayır ,Kestel,1.100.000
937575186,  10 Ağustos 2021,  Satılık Daire ,225.0,210.0,  4+1,  2,  Çatı Katı,  5,  Doğalgaz (Kombi),  1,  Var,  Hayır,  Boş,  Evet,  Belirtilmemiş,  110,  Hayır,  Kat Mülkiyetli,  Emlak Ofisinden,  Hayır,  Hayır ,Kestel,690.000
888615661,  07 Ağustos 2021,  Satılık Müstakil Ev ,250.0,222.0,  4+1,  16-20 arası,  2,  Soba,  1,  Yok,  Hayır,  Kiracılı,  Hayır,  Belirtilmemiş,  Belirtilmemiş,  Evet,  Belirtilmemiş,  Sahibinden,  Hayır,  Hayır ,Kestel,530.000,
944155631,  09 Ağustos 2021,  Satılık Daire ,135.0,128.0,  3+1,  5-10 arası,  1,  12,  Merkezi (Pay Ölçer),  1,  Var,  Hayır,  Kiracılı,  Hayır,  Belirtilmemiş,  Belirtilmemiş,  Evet,  Belirtilmemiş,  Emlak Ofisinden,  Evet,  Hayır ,Kestel,385.000
943930902,  07 Ağustos 2021,  Satılık Müstakil Ev ,340.0,170.0,  3+1,  5-10 arası,  2,  Kat Kaloriferi,  2,  Var,  Evet,  Mülk Sahibi,  Hayır,  Belirtilmemiş,  Belirtilmemiş,  Belirtilmemiş,  Kat Mülkiyetli,  Sahibinden,  Evet,  Hayır ,Kestel,950.000,
944308303,  09 Ağustos 2021,  Satılık Daire ,125.0,110.0,  3+1,  0,  Yüksek Giriş,  4,  Doğalgaz (Kombi),  1,  Var,  Hayır,  Boş,  Hayır,  Belirtilmemiş,  Belirtilmemiş,  Evet,  Belirtilmemiş,  Emlak Ofisinden,  Hayır,  Evet ,Kestel,425.000
943869691,  06 Ağustos 2021,  Satılık Daire ,128.0,110.0,  3+1,  26-30 arası,  Bahçe Katı,  3,  Doğalgaz (Kombi),  1,  Var,  Hayır,  Mülk Sahibi,  Hayır,  Belirtilmemiş,  0,  Belirtilmemiş,  Kat Mülkiyetli,  Sahibinden,  Hayır,  Hayır ,Kestel,400.000
930013258,  06 Ağustos 2021,  Satılık Daire ,268.0,250.0,  4+1,  1,  2,  3,  Doğalgaz (Kombi),  2,  Var,  Hayır,  Mülk Sahibi,  Hayır,  Belirtilmemiş,  Belirtilmemiş,  Evet,  Belirtilmemiş,  Emlak Ofisinden,  Hayır,  Evet ,Kestel,715.000
936672055,  06 Ağustos 2021,  Satılık Daire ,120.0,100.0,  3+1,  5-10 arası,  5,  6,  Doğalgaz (Kombi),  2,  Var,  Hayır,  Boş,  Hayır,  Belirtilmemiş,  50,  Evet,  Belirtilmemiş,  Emlak Ofisinden,  Hayır,  Hayır ,Kestel,465.000
929673752,  06 Ağustos 2021,  Satılık Daire ,130.0,130.0,  3+1,  4,  2,  4,  Doğalgaz (Kombi),  1,  Var,  Hayır,  Mülk Sahibi,  Hayır,  Belirtilmemiş,  Belirtilmemiş,  Evet,  Belirtilmemiş,  Emlak Ofisinden,  Hayır,  Hayır ,Kestel,470.000
944166127,  09 Ağustos 2021,  Satılık Daire ,95.0,90.0,  2+1,  3,  Yüksek Giriş,  3,  Doğalgaz (Kombi),  1,  Var,  Hayır,  Mülk Sahibi,  Hayır,  Belirtilmemiş,  Belirtilmemiş,  Evet,  Kat Mülkiyetli,  Emlak Ofisinden,  Hayır,  Hayır ,Kestel,285.000
943785208,  06 Ağustos 2021,  Satılık Daire ,150.0,135.0,  3+1,  5-10 arası,  Bodrum Kat,  4,  Doğalgaz Sobası,  1,  Yok,  Hayır,  Boş,  Hayır,  Belirtilmemiş,  Belirtilmemiş,  Evet,  Kat İrtifaklı,  Emlak Ofisinden,  Evet,  Hayır ,Kestel,250.000
943512970,  05 Ağustos 2021,  Satılık Daire ,115.0,105.0,  3+1,  11-15 arası,  3,  3,  Doğalgaz (Kombi),  1,  Var,  Hayır,  Boş,  Hayır,  Belirtilmemiş,  50,  Belirtilmemiş,  Kat Mülkiyetli,  Sahibinden,  Hayır,  Hayır ,Kestel,480.000
700632743,  05 Ağustos 2021,  Satılık Çiftlik Evi ,210.0,210.0,  2.032,  4,  1,  15,  3,  Güneş Enerjisi,  Betonarme,  1,  Var,  İkinci El,  Mülk Sahibi Oturuyor,  Hisseli,  Var,  Evet,  Sahibinden,  Evet,  Hayır ,Kestel,1.700.000
943262908,  04 Ağustos 2021,  Satılık Daire ,100.0,85.0,  2+1,  4,  2,  4,  Doğalgaz (Kombi),  1,  Var,  Hayır,  Kiracılı,  Evet,  Belirtilmemiş,  50,  Hayır,  Kat Mülkiyetli,  Sahibinden,  Hayır,  Evet ,Kestel,365.000
943900755,  06 Ağustos 2021,  Satılık Villa ,120.0,110.0,  3+1,  0,  2,  Doğalgaz (Kombi),  2,  Hayır,  Boş,  Hayır,  Belirtilmemiş,  0,  Hayır,  Belirtilmemiş,  Emlak Ofisinden,  Hayır,  Evet ,Kestel,1.150.000,,
943094326,  04 Ağustos 2021,  Satılık Daire ,200.0,180.0,  4+1,  3,  4,  4,  Doğalgaz (Kombi),  2,  Var,  Hayır,  Mülk Sahibi,  Hayır,  Belirtilmemiş,  Belirtilmemiş,  Evet,  Kat Mülkiyetli,  Sahibinden,  Hayır,  Hayır ,Kestel,630.000
920089855,  12 Ağustos 2021,  Satılık Daire ,130.0,110.0,  3+1,  0,  2,  4,  Doğalgaz (Kombi),  1,  Var,  Hayır,  Boş,  Evet,  Belirtilmemiş,  0,  Evet,  Kat Mülkiyetli,  Emlak Ofisinden,  Evet,  Evet ,Kestel,495.000
936674268,  07 Ağustos 2021,  Satılık Daire ,120.0,115.0,  3+1,  4,  Yüksek Giriş,  3,  Doğalgaz (Kombi),  1,  Var,  Hayır,  Boş,  Hayır,  Belirtilmemiş,  Belirtilmemiş,  Evet,  Belirtilmemiş,  Emlak Ofisinden,  Evet,  Hayır ,Kestel,410.000
943931916,  07 Ağustos 2021,  Satılık Daire ,135.0,125.0,  2+1,  0,  4,  4,  Doğalgaz (Kombi),  1,  Var,  Hayır,  Boş,  Hayır,  Belirtilmemiş,  Belirtilmemiş,  Evet,  Belirtilmemiş,  Emlak Ofisinden,  Hayır,  Evet ,Kestel,500.000
943980219,  07 Ağustos 2021,  Satılık Daire ,135.0,120.0,  3+1,  0,  2,  3,  Doğalgaz (Kombi),  1,  Var,  Hayır,  Boş,  Hayır,  Belirtilmemiş,  Belirtilmemiş,  Evet,  Kat İrtifaklı,  Emlak Ofisinden,  Evet,  Hayır ,Kestel,465.000
943992745,  07 Ağustos 2021,  Satılık Daire ,135.0,125.0,  3+1,  4,  1,  3,  Doğalgaz (Kombi),  2,  Var,  Hayır,  Boş,  Hayır,  Belirtilmemiş,  Belirtilmemiş,  Evet,  Belirtilmemiş,  Emlak Ofisinden,  Hayır,  Hayır ,Kestel,489.000
943864584,  06 Ağustos 2021,  Satılık Daire ,170.0,150.0,  3+1,  0,  4,  4,  Doğalgaz (Kombi),  2,  Var,  Hayır,  Boş,  Hayır,  Belirtilmemiş,  Belirtilmemiş,  Evet,  Belirtilmemiş,  Emlak Ofisinden,  Hayır,  Evet ,Kestel,575.000
942056756,  01 Ağustos 2021,  Satılık Daire ,115.0,100.0,  2+1,  4,  Giriş Altı Kot 1,  2,  Doğalgaz (Kombi),  2,  Var,  Hayır,  Kiracılı,  Hayır,  Belirtilmemiş,  100,  Evet,  Kat Mülkiyetli,  Sahibinden,  Hayır,  Hayır ,Kestel,495.000
943981021,  07 Ağustos 2021,  Satılık Daire ,125.0,110.0,  3+1,  0,  2,  3,  Doğalgaz (Kombi),  1,  Var,  Hayır,  Boş,  Hayır,  Belirtilmemiş,  Belirtilmemiş,  Evet,  Kat İrtifaklı,  Emlak Ofisinden,  Hayır,  Hayır ,Kestel,515.000
932556477,  31 Temmuz 2021,  Satılık Daire ,100.0,100.0,  2.5+1,  16-20 arası,  Giriş Altı Kot 4,  4,  Doğalgaz (Kombi),  1,  Var,  Evet,  Mülk Sahibi,  Hayır,  Belirtilmemiş,  50,  Evet,  Belirtilmemiş,  Sahibinden,  Evet,  Hayır ,Kestel,330.000
941553236,  30 Temmuz 2021,  Satılık Daire ,80.0,70.0,  2.5+1,  16-20 arası,  Bahçe Katı,  5,  Doğalgaz (Kombi),  1,  Yok,  Hayır,  Boş,  Hayır,  Belirtilmemiş,  Belirtilmemiş,  Hayır,  Belirtilmemiş,  Sahibinden,  Hayır,  Hayır ,Kestel,240.000
941490603,  30 Temmuz 2021,  Satılık Daire ,200.0,180.0,  4+1,  4,  Giriş Altı Kot 3,  3,  Doğalgaz (Kombi),  2,  Var,  Hayır,  Mülk Sahibi,  Evet,  Belirtilmemiş,  Belirtilmemiş,  Evet,  Kat Mülkiyetli,  Sahibinden,  Hayır,  Hayır ,Kestel,495.000
938035796,  12 Ağustos 2021,  Satılık Daire ,115.0,100.0,  3+1,  3,  Yüksek Giriş,  4,  Doğalgaz (Kombi),  1,  Var,  Hayır,  Boş,  Evet,  Belirtilmemiş,  0,  Evet,  Belirtilmemiş,  Emlak Ofisinden,  Evet,  Hayır ,Kestel,375.000
940592911,  27 Temmuz 2021,  Satılık Daire ,140.0,125.0,  4+1,  2,  Giriş Altı Kot 4,  4,  Doğalgaz (Kombi),  1,  Var,  Belirtilmemiş,  Boş,  Hayır,  Belirtilmemiş,  20,  Evet,  Kat Mülkiyetli,  Sahibinden,  Evet,  Hayır ,Kestel,460.000
904272874,  18 Temmuz 2021,  Satılık Daire ,128.0,118.0,  3+1,  5-10 arası,  2,  3,  Doğalgaz (Kombi),  2,  Var,  Hayır,  Kiracılı,  Hayır,  Belirtilmemiş,  Belirtilmemiş,  Belirtilmemiş,  Kat Mülkiyetli,  Sahibinden,  Hayır,  Hayır ,Kestel,413.000
938882289,  17 Temmuz 2021,  Satılık Daire ,290.0,250.0,  4+2,  4,  Yüksek Giriş,  6,  Doğalgaz (Kombi),  2,  Var,  Hayır,  Mülk Sahibi,  Evet,  Belirtilmemiş,  Belirtilmemiş,  Evet,  Belirtilmemiş,  Sahibinden,  Evet,  Evet ,Kestel,750.000
935156887,  30 Haziran 2021,  Satılık Daire ,100.0,90.0,  2+1,  0,  2,  4,  Doğalgaz (Kombi),  2,  Var,  Hayır,  Boş,  Hayır,  Belirtilmemiş,  Belirtilmemiş,  Evet,  Belirtilmemiş,  Sahibinden,  Hayır,  Hayır ,Kestel,415.000
934458807,  27 Haziran 2021,  Satılık Daire ,225.0,200.0,  4+1,  4,  4,  4,  Doğalgaz (Kombi),  1,  Var,  Evet,  Mülk Sahibi,  Hayır,  Belirtilmemiş,  50,  Evet,  Belirtilmemiş,  Sahibinden,  Hayır,  Hayır ,Kestel,690.000
931146420,  25 Haziran 2021,  Satılık Daire ,140.0,130.0,  2+1,  21-25 arası,  3,  4,  Doğalgaz (Kombi),  1,  Var,  Hayır,  Mülk Sahibi,  Hayır,  Belirtilmemiş,  0,  Evet,  Belirtilmemiş,  Sahibinden,  Hayır,  Hayır ,Kestel,355.000
920066555,  13 Haziran 2021,  Satılık Daire ,125.0,120.0,  3+1,  1,  2,  4,  Doğalgaz (Kombi),  1,  Var,  Hayır,  Kiracılı,  Evet,  Belirtilmemiş,  0,  Evet,  Kat Mülkiyetli,  Sahibinden,  Hayır,  Hayır ,Kestel,440.000
922062539,  24 Nisan 2021,  Satılık Daire ,140.0,125.0,  3+1,  5-10 arası,  Yüksek Giriş,  5,  Doğalgaz (Kombi),  1,  Var,  Hayır,  Boş,  Evet,  Özgünsu Sitesi,  50,  Hayır,  Belirtilmemiş,  Sahibinden,  Hayır,  Hayır ,Kestel,415.000
922062539,  24 Nisan 2021,  Satılık Daire ,140.0,125.0,  3+1,  5-10 arası,  Yüksek Giriş,  5,  Doğalgaz (Kombi),  1,  Var,  Hayır,  Boş,  Evet,  Özgünsu Sitesi,  50,  Hayır,  Belirtilmemiş,  Sahibinden,  Hayır,  Hayır ,Kestel,415.000
938566661,  15 Ağustos 2021,  Satılık Daire ,101.0,75.0,  2+1,  0,  2,  3,  Doğalgaz (Kombi),  1,  Var,  Hayır,  Kiracılı,  Hayır,  Belirtilmemiş,  50,  Evet,  Belirtilmemiş,  İnşaat Firmasından,  Evet,  Evet ,Kestel,415.000
938044405,  12 Ağustos 2021,  Satılık Daire ,101.0,100.0,  2+1,  0,  2,  3,  Doğalgaz (Kombi),  1,  Var,  Hayır,  Kiracılı,  Hayır,  Belirtilmemiş,  Belirtilmemiş,  Belirtilmemiş,  Belirtilmemiş,  İnşaat Firmasından,  Evet,  Evet ,Kestel,415.500
890783391,  09 Ocak 2021,  Satılık Daire ,338.0,280.0,  4+1,  1,  3,  3,  Doğalgaz (Kombi),  2,  Var,  Hayır,  Mülk Sahibi,  Hayır,  Belirtilmemiş,  Belirtilmemiş,  Evet,  Kat Mülkiyetli,  Sahibinden,  Hayır,  Hayır ,Kestel,750.000
863330753,  20 Eylül 2020,  Satılık Daire ,150.0,130.0,  3+1,  4,  Giriş Altı Kot 2,  10,  Merkezi (Pay Ölçer),  2,  Var,  Hayır,  Mülk Sahibi,  Hayır,  Belirtilmemiş,  85,  Evet,  Belirtilmemiş,  Sahibinden,  Evet,  Hayır ,Kestel,690.000
